Contenido,Usuario,Fecha,Likes,Retweets,Comentarios,Tema
Odio cuando política? #Increible,@uiqps6425,04/03/2025 23:52,6547,1564,2353,política
Por fin terminé viajes?,@ygylj2606,14/02/2025 19:13,6348,3855,1569,viajes
Descubrí que ciencia? #MustSee,@wuhuk5685,28/02/2025 09:27,7991,3647,3376,ciencia
Estoy obsesionado con cine? #NoPuedesSer,@rwhnp7848,20/02/2025 23:47,3944,2383,1163,cine
¿Alguien más piensa que ciencia? #LoMejor,@xijsw1142,17/02/2025 11:55,7041,4618,2896,ciencia
No puedo dejar de pensar en comida?,@jlwkj1923,14/02/2025 10:08,5017,2726,1815,comida
Me encanta cuando cine?,@ovjei3212,03/03/2025 08:57,7167,2543,2017,cine
¿Recomendaciones sobre cine?,@witpg9223,27/02/2025 08:10,2513,402,225,cine
Me encanta cuando música? #MomentoÚnico,@jhkfz6329,13/02/2025 18:09,9865,443,3321,música
No puedo creer que tecnología?,@ofbkh3600,13/02/2025 15:12,1446,18,297,tecnología
No puedo creer que educación?,@zmhca6606,07/03/2025 13:08,4927,518,2040,educación
Odio cuando educación?,@qksiq6374,05/03/2025 10:18,9071,4215,3714,educación
Me encanta cuando viajes?,@xnkih2658,02/03/2025 01:09,5235,1142,1565,viajes
No puedo creer que deportes? #Recomendado,@lxtpu8956,05/03/2025 05:20,5001,1035,2036,deportes
¿Alguien más piensa que videojuegos? #TrendingTopic,@uowjz2919,22/02/2025 10:19,6985,2580,3256,videojuegos
No puedo creer que deportes? #MomentoÚnico,@eeupv7305,25/02/2025 13:49,2249,34,743,deportes
¿Alguien más piensa que ciencia?,@yylop1102,03/03/2025 04:35,9349,3762,3996,ciencia
Quiero compartir que tecnología?,@fvdur9034,28/02/2025 22:50,403,201,36,tecnología
No puedo dejar de pensar en deportes? #Recomendado,@jxjcg1522,23/02/2025 00:59,467,188,125,deportes
Estoy obsesionado con tecnología?,@shuck4185,19/02/2025 13:35,3760,1583,869,tecnología
Por fin terminé libros?,@domki8839,17/02/2025 07:12,9245,3922,2138,libros
No puedo creer que economía?,@samaw4618,06/03/2025 03:02,8772,3809,3711,economía
Quiero compartir que política?,@zwlvm8656,16/02/2025 22:14,2354,45,549,política
Descubrí que educación? #TopTen,@pvxxo6842,26/02/2025 06:53,5195,1548,1114,educación
No puedo creer que libros? #Recomendado,@apask1954,08/02/2025 08:59,7940,4671,2472,libros
Odio cuando ciencia?,@jlyma4821,15/02/2025 20:46,774,5,292,ciencia
Descubrí que cine? #Opiniones,@shuie349,25/02/2025 12:06,6938,4460,1673,cine
Odio cuando música? #Opiniones,@kcnwa2984,25/02/2025 16:32,6330,1355,2274,música
¿Alguien más piensa que ciencia? #Increible,@nyirv9085,18/02/2025 20:57,5857,144,1020,ciencia
Descubrí que libros? #Viral,@csmdp693,28/02/2025 05:36,151,26,29,libros
Odio cuando comida?,@csxjv6415,04/03/2025 06:37,9636,1235,1665,comida
¿Alguien más piensa que moda? #WOW,@rlruv6854,26/02/2025 22:33,4345,1663,105,moda
Me encanta cuando educación? #Viral,@mvemw7685,15/02/2025 16:07,1505,436,28,educación
Necesito ayuda con tecnología? #LoMejor,@gkmsv3642,24/02/2025 15:46,4204,2889,214,tecnología
Estoy obsesionado con economía? #TopTen,@gmtvi2026,07/02/2025 20:41,1035,536,3,economía
Quiero compartir que libros?,@kxrdz263,23/02/2025 17:10,2379,984,681,libros
Me encanta cuando libros? #Inspiracion,@zutnm5062,17/02/2025 20:11,7658,2867,2371,libros
Descubrí que comida? #TopTen,@gvjey4179,09/03/2025 08:58,5583,3880,1032,comida
¿Alguien más piensa que libros?,@bnkya9783,22/02/2025 19:56,7675,4623,401,libros
No puedo creer que ciencia?,@rlfqf1469,28/02/2025 04:17,665,245,250,ciencia
Odio cuando deportes? #Interesante,@igfrm3945,28/02/2025 12:45,4037,612,1982,deportes
Necesito ayuda con moda? #Tendencia,@yehrq5818,22/02/2025 12:09,2658,811,997,moda
¿Recomendaciones sobre música?,@ctaoy8168,12/02/2025 03:16,6113,984,1575,música
Me encanta cuando economía?,@iykck16,09/03/2025 22:09,2884,825,513,economía
¿Recomendaciones sobre música? #NuevoProyecto,@sfxtr4575,22/02/2025 06:14,7147,1852,1553,música
Necesito ayuda con música? #Viral,@nifzk391,15/02/2025 18:51,2998,1809,865,música
Me encanta cuando deportes?,@xdwlo970,17/02/2025 05:37,6903,2458,1302,deportes
Necesito ayuda con cine?,@fdkvr433,24/02/2025 13:45,1356,483,345,cine
No puedo creer que moda? #Tendencia,@oggzd8833,16/02/2025 05:46,6884,4005,629,moda
Acabo de ver tecnología? #Increible,@xpysv9494,18/02/2025 18:40,9483,778,4342,tecnología
Quiero compartir que cine?,@kxcbi3716,21/02/2025 00:49,1009,617,504,cine
No puedo dejar de pensar en salud?,@rcrjo4864,06/03/2025 12:06,3453,863,1114,salud
Por fin terminé comida? #Interesante,@dosdj1499,24/02/2025 22:55,5031,2687,936,comida
Descubrí que comida? #Opiniones,@lkkbr2068,09/02/2025 03:59,8863,1392,2640,comida
Estoy obsesionado con libros?,@sljoh6532,24/02/2025 15:31,1544,407,13,libros
¿Recomendaciones sobre tecnología? #Inspiracion,@npcvl5691,24/02/2025 09:30,3647,1648,1023,tecnología
Por fin terminé política? #MustSee,@srqsq9586,15/02/2025 05:07,9688,5134,3017,política
Quiero compartir que cine?,@hmkwv167,02/03/2025 19:46,3718,1516,1297,cine
Acabo de ver música? #NoPuedesSer,@maijm4240,09/03/2025 09:20,3686,883,1558,música
Quiero compartir que comida? #NoPuedesSer,@xrjdt4239,16/02/2025 21:54,2338,426,926,comida
Acabo de ver tecnología? #Inspiracion,@oykar3810,20/02/2025 18:54,1979,1179,546,tecnología
Estoy obsesionado con comida? #MomentoÚnico,@gnpop616,02/03/2025 14:56,4582,3067,1647,comida
Hoy es un buen día para videojuegos? #Recomendado,@ztxfu8172,13/02/2025 18:05,5895,2426,1394,videojuegos
Estoy obsesionado con moda? #Inspiracion,@rykoh4870,07/03/2025 13:07,3824,2561,82,moda
Hoy aprendí que moda? #TrendingTopic,@xyewn1172,07/03/2025 15:51,7684,1528,1314,moda
Por fin terminé deportes? #Interesante,@fhnyk7178,28/02/2025 17:05,181,48,52,deportes
Me encanta cuando educación? #Tendencia,@phlba4121,09/03/2025 06:19,9174,2550,2169,educación
Por fin terminé educación?,@qoaiw9405,17/02/2025 19:55,843,333,225,educación
Hoy aprendí que política? #LoMejor,@ncsex1284,01/03/2025 00:56,4850,3088,2310,política
Descubrí que salud?,@ahbqx5728,27/02/2025 16:13,7523,4636,1849,salud
Quiero compartir que salud? #Opiniones,@flmgy2300,17/02/2025 19:26,744,109,304,salud
Estoy obsesionado con videojuegos? #NoPuedesSer,@cezdt4805,07/03/2025 23:08,1353,710,643,videojuegos
Odio cuando deportes? #WOW,@nossj4864,10/03/2025 07:00,2790,1678,1327,deportes
Quiero compartir que comida? #WOW,@ojgbp3518,08/03/2025 01:45,3757,797,97,comida
Me encanta cuando comida? #Viral,@bvucw2747,27/02/2025 22:32,9229,4253,2505,comida
Quiero compartir que moda?,@mouaw7261,22/02/2025 03:43,6290,806,944,moda
Por fin terminé moda?,@qgtxg8592,02/03/2025 11:10,4915,2380,1644,moda
Acabo de ver educación?,@ifioh3051,09/02/2025 22:49,5186,1370,944,educación
Me encanta cuando videojuegos?,@uaido9120,09/03/2025 22:53,7218,3962,1430,videojuegos
Por fin terminé música? #Inspiracion,@pavwj8124,01/03/2025 06:57,416,130,207,música
Quiero compartir que salud? #WOW,@ctgit529,20/02/2025 06:42,7828,4837,2426,salud
¿Alguien más piensa que salud?,@zdvzn3162,07/02/2025 23:09,4526,1902,2041,salud
Descubrí que libros? #HoyEsElDia,@wgafv3392,02/03/2025 00:34,8875,3850,1226,libros
¿Qué opinan sobre educación? #LoMejor,@gspcs8388,17/02/2025 01:36,6887,3442,3206,educación
¿Alguien más piensa que tecnología?,@bhvlt6446,11/02/2025 01:17,2674,1761,319,tecnología
Necesito ayuda con música? #LoMejor,@sknwe8360,03/03/2025 00:51,9733,3841,2257,música
No puedo creer que viajes? #NoPuedesSer,@kvwxj360,11/02/2025 02:18,2039,1388,252,viajes
No puedo dejar de pensar en ciencia? #HoyEsElDia,@oyqqy2285,17/02/2025 02:59,1611,952,432,ciencia
Quiero compartir que economía? #MustSee,@qelrm5371,08/02/2025 08:20,1348,93,101,economía
Descubrí que ciencia? #NuevoProyecto,@yzmod1314,09/03/2025 10:34,2174,976,459,ciencia
Estoy obsesionado con comida?,@keqed8512,23/02/2025 02:55,7638,5238,1589,comida
Descubrí que economía?,@dnykn218,04/03/2025 18:08,703,267,68,economía
¿Qué opinan sobre libros? #WOW,@vcaug4503,06/03/2025 05:25,8924,1569,3629,libros
Descubrí que viajes? #MeEncanta,@ylntv9598,07/02/2025 10:48,3232,2111,926,viajes
Quiero compartir que música? #WOW,@lyahf6255,15/02/2025 14:59,2366,479,47,música
Descubrí que política? #NuevoProyecto,@cntoz6567,07/03/2025 05:41,4809,2608,2134,política
Hoy es un buen día para deportes? #MeEncanta,@bhtqg6725,23/02/2025 17:20,3948,1077,1058,deportes
¿Recomendaciones sobre libros?,@gwils3916,09/02/2025 10:53,3446,644,621,libros
Necesito ayuda con cine?,@nzqen5649,15/02/2025 18:55,4306,1590,424,cine
Necesito ayuda con cine? #NoPuedesSer,@thojj6796,10/02/2025 00:28,1957,939,374,cine
Descubrí que cine? #Opiniones,@muezn1502,10/02/2025 09:45,390,181,48,cine
Acabo de ver libros?,@hogdm6046,16/02/2025 23:21,5381,712,2620,libros
¿Alguien más piensa que viajes? #NuevoProyecto,@jsyjx4520,16/02/2025 07:36,4408,2938,1159,viajes
Por fin terminé videojuegos? #MeEncanta,@vlcny9900,06/03/2025 01:04,2085,1277,92,videojuegos
¿Alguien más piensa que música?,@clbyr6128,15/02/2025 16:24,8309,5552,3256,música
Por fin terminé tecnología?,@cvgvs3159,08/02/2025 15:37,700,380,75,tecnología
No puedo dejar de pensar en moda?,@rzatv853,06/03/2025 11:54,3222,1916,175,moda
No puedo creer que deportes? #Opiniones,@jsdbn3592,24/02/2025 13:49,3527,2355,519,deportes
No puedo dejar de pensar en comida? #Opiniones,@ofava685,11/02/2025 06:45,7838,5095,1149,comida
Acabo de ver moda? #LoMejor,@olqsw8296,05/03/2025 18:13,830,396,153,moda
¿Recomendaciones sobre salud?,@vjlyr7954,01/03/2025 14:11,5487,154,2537,salud
Descubrí que salud? #Interesante,@nbopq4409,28/02/2025 16:00,3983,114,382,salud
Odio cuando libros? #Recomendado,@aebew8942,24/02/2025 22:25,6097,3274,1086,libros
Hoy aprendí que libros?,@hbofc6653,09/02/2025 08:28,8468,5370,182,libros
Hoy aprendí que deportes? #HoyEsElDia,@rtzoy8734,05/03/2025 02:59,8521,873,4100,deportes
Hoy aprendí que ciencia? #Viral,@pykyj5965,08/03/2025 14:27,833,324,272,ciencia
Descubrí que salud? #MomentoÚnico,@eurmi7375,10/02/2025 16:20,9253,4816,3221,salud
Acabo de ver tecnología? #NuevoProyecto,@eeynw9934,02/03/2025 04:13,3292,594,149,tecnología
No puedo dejar de pensar en viajes?,@cised6415,19/02/2025 16:45,2967,746,788,viajes
¿Recomendaciones sobre videojuegos? #MeEncanta,@wwoeq6713,08/02/2025 13:20,5056,3162,1147,videojuegos
Estoy obsesionado con economía?,@nvlyi9941,05/03/2025 12:00,5145,8,956,economía
¿Qué opinan sobre política?,@ybpno5305,04/03/2025 06:38,1226,98,361,política
Necesito ayuda con tecnología?,@cvudc1526,15/02/2025 23:50,7113,4367,258,tecnología
Acabo de ver videojuegos?,@ftxtr4662,08/02/2025 11:14,3378,1440,185,videojuegos
Hoy es un buen día para música? #Opiniones,@mkhqv3644,01/03/2025 03:31,6880,4128,2812,música
Estoy obsesionado con tecnología?,@uadms4690,09/02/2025 03:26,9201,3725,51,tecnología
Descubrí que ciencia?,@znxjp5395,11/02/2025 02:50,4174,1421,980,ciencia
Acabo de ver economía?,@gfyyz5144,22/02/2025 23:55,9673,5788,322,economía
No puedo creer que arte? #MomentoÚnico,@qjlqq5900,25/02/2025 15:21,2903,954,999,arte
Por fin terminé arte?,@drwzt8338,24/02/2025 17:35,3992,1258,1628,arte
Estoy obsesionado con viajes? #Interesante,@hpdem9808,10/02/2025 06:36,3559,45,332,viajes
Estoy obsesionado con salud?,@ebosj4629,15/02/2025 20:11,6102,561,698,salud
Estoy obsesionado con ciencia? #MeEncanta,@mpnnt9455,17/02/2025 04:27,2027,1409,728,ciencia
Hoy es un buen día para comida?,@writd1289,10/03/2025 02:25,4858,2802,1772,comida
No puedo creer que política?,@ritus9066,11/02/2025 09:20,8281,2773,3571,política
Hoy aprendí que tecnología?,@xvrzd9483,14/02/2025 05:31,8288,2822,1398,tecnología
Hoy aprendí que educación? #LoMejor,@cbufu7693,14/02/2025 04:55,2959,450,403,educación
Por fin terminé música? #WOW,@smizs3146,09/02/2025 07:34,5921,1657,323,música
Odio cuando comida?,@ylhpg6537,16/02/2025 06:44,5708,1981,1959,comida
No puedo dejar de pensar en viajes? #Interesante,@opcru2739,12/02/2025 17:35,3131,796,904,viajes
No puedo creer que videojuegos?,@bpswh9956,18/02/2025 04:58,9842,5863,480,videojuegos
¿Qué opinan sobre política? #TopTen,@deivp8003,15/02/2025 19:45,7990,802,3128,política
Hoy aprendí que cine?,@ucvmp5251,08/03/2025 06:34,6949,2218,1111,cine
Hoy aprendí que comida? #TrendingTopic,@eslgs8469,11/02/2025 23:44,1177,682,215,comida
¿Recomendaciones sobre arte? #MomentoÚnico,@jemax8358,12/02/2025 08:50,969,550,481,arte
Acabo de ver educación?,@vopah8091,03/03/2025 04:20,5568,2659,1249,educación
¿Qué opinan sobre moda?,@nbjib8916,08/02/2025 16:48,683,358,125,moda
Por fin terminé videojuegos?,@czlri4840,10/02/2025 09:54,1724,668,599,videojuegos
Estoy obsesionado con música?,@njwga2045,04/03/2025 04:57,3946,2604,632,música
Hoy aprendí que música? #LoMejor,@jqtsg9619,09/03/2025 13:38,3734,2409,1751,música
Por fin terminé viajes?,@eonak2937,10/03/2025 08:56,9381,5532,1255,viajes
No puedo creer que ciencia? #WOW,@lugca4596,27/02/2025 02:20,5915,1210,1675,ciencia
Por fin terminé cine?,@nlxlt8471,28/02/2025 19:27,3403,1293,614,cine
Hoy aprendí que ciencia? #TopTen,@mggxd4081,21/02/2025 03:01,3565,490,252,ciencia
Estoy obsesionado con educación? #Viral,@mnqus2502,11/02/2025 03:01,356,154,52,educación
¿Alguien más piensa que arte? #LoMejor,@qtdwr7721,16/02/2025 09:29,1387,408,474,arte
No puedo creer que tecnología?,@wtvxn3606,16/02/2025 17:35,5929,3325,208,tecnología
Hoy aprendí que videojuegos?,@lkqcu5721,12/02/2025 11:19,7524,3942,3048,videojuegos
Descubrí que salud?,@drpmo4416,18/02/2025 16:10,1691,722,523,salud
Me encanta cuando salud? #MustSee,@ofvzk2988,06/03/2025 23:44,9383,6381,3333,salud
Por fin terminé moda?,@bgagn8165,20/02/2025 02:22,1830,806,98,moda
Hoy aprendí que ciencia? #Viral,@jrcle8067,27/02/2025 06:53,377,84,178,ciencia
Estoy obsesionado con libros? #TrendingTopic,@ultkf2226,19/02/2025 08:08,8979,816,3433,libros
¿Recomendaciones sobre ciencia? #Recomendado,@fmoep8916,21/02/2025 18:20,5999,1392,1065,ciencia
¿Qué opinan sobre salud? #Interesante,@siyjn9803,08/02/2025 12:35,2385,1576,628,salud
¿Qué opinan sobre deportes?,@spxvc431,13/02/2025 12:19,8660,2969,2574,deportes
No puedo creer que comida? #TopTen,@wgtxh5863,09/02/2025 03:13,7456,3204,2039,comida
Por fin terminé libros? #NuevoProyecto,@etgyu5226,25/02/2025 00:33,6503,419,271,libros
Por fin terminé viajes?,@ubyfb116,05/03/2025 01:41,7633,335,2172,viajes
Estoy obsesionado con música? #NoPuedesSer,@ymaxt5435,11/02/2025 13:40,2779,1311,369,música
Hoy aprendí que economía? #Viral,@axukl9713,09/03/2025 05:32,8443,2194,3095,economía
Por fin terminé videojuegos?,@hjjpl6536,19/02/2025 23:52,4132,1989,760,videojuegos
Hoy es un buen día para ciencia? #TrendingTopic,@mafcg1110,01/03/2025 09:27,4339,649,102,ciencia
No puedo creer que salud?,@gvqcj106,03/03/2025 09:07,6904,828,20,salud
No puedo dejar de pensar en viajes? #Increible,@gkhvh7677,06/03/2025 16:26,5150,2702,705,viajes
Necesito ayuda con arte?,@boswr669,06/03/2025 10:39,5939,3644,20,arte
Descubrí que cine? #MustSee,@cjpbk1483,11/02/2025 10:52,3140,75,1211,cine
Me encanta cuando moda? #NuevoProyecto,@apkdw3310,28/02/2025 16:16,934,469,55,moda
Necesito ayuda con tecnología?,@ndvjy1620,26/02/2025 11:49,7600,1059,3171,tecnología
No puedo creer que videojuegos? #MomentoÚnico,@wjztf5628,08/03/2025 23:21,9436,3430,638,videojuegos
No puedo dejar de pensar en ciencia?,@izbjk7006,13/02/2025 05:25,7308,5054,393,ciencia
Descubrí que salud? #TrendingTopic,@mudym2220,21/02/2025 01:00,8716,5189,3206,salud
Por fin terminé música?,@rseiw809,15/02/2025 05:45,5612,598,570,música
Acabo de ver moda? #TopTen,@pwqpu2072,15/02/2025 12:30,4169,1199,21,moda
Descubrí que videojuegos?,@nhebs114,08/03/2025 19:37,469,29,0,videojuegos
¿Alguien más piensa que economía? #NuevoProyecto,@slndl3604,01/03/2025 11:36,5290,219,2627,economía
¿Alguien más piensa que comida?,@jycci9655,17/02/2025 00:59,4658,2638,161,comida
Hoy es un buen día para música? #Viral,@cozgl2436,08/03/2025 20:19,6941,1894,2182,música
Descubrí que libros? #MeEncanta,@mgiaz6126,18/02/2025 00:48,3321,1492,466,libros
Odio cuando videojuegos?,@fuqir6519,15/02/2025 20:08,2584,1292,1289,videojuegos
¿Recomendaciones sobre ciencia?,@snenw6429,03/03/2025 00:16,1215,242,534,ciencia
Odio cuando moda?,@nnuif2125,11/02/2025 01:31,6175,3241,355,moda
Hoy aprendí que arte? #MeEncanta,@itcfd5041,06/03/2025 20:56,6126,1325,2170,arte
No puedo dejar de pensar en cine?,@nsxby7768,04/03/2025 04:53,8008,1754,2595,cine
¿Qué opinan sobre tecnología? #MeEncanta,@jblvy3298,22/02/2025 03:27,4874,153,559,tecnología
Hoy es un buen día para ciencia?,@usdbd8658,26/02/2025 01:39,7395,1458,2872,ciencia
Descubrí que política? #SiguemeYTeSigo,@xjaiu724,06/03/2025 06:09,725,241,34,política
Necesito ayuda con arte? #NuevoProyecto,@mxwrj8252,04/03/2025 10:20,6551,1215,1543,arte
Hoy es un buen día para arte?,@krcmc9193,09/03/2025 17:54,4900,1696,212,arte
No puedo creer que tecnología? #MustSee,@wydho7632,08/02/2025 08:14,8368,634,191,tecnología
Hoy aprendí que cine? #Inspiracion,@ygqnq8998,21/02/2025 14:50,1855,168,520,cine
Por fin terminé videojuegos? #WOW,@wgbao622,13/02/2025 11:00,7252,3575,334,videojuegos
Acabo de ver economía? #NuevoProyecto,@tmhvw6814,05/03/2025 08:16,8592,1133,1757,economía
Hoy es un buen día para educación? #Inspiracion,@pmwjg8705,13/02/2025 18:28,7522,4550,3382,educación
Me encanta cuando tecnología?,@vmbpv6755,24/02/2025 00:43,5403,2410,860,tecnología
Descubrí que salud? #TopTen,@zgnhu9608,13/02/2025 03:25,3763,1196,445,salud
Hoy es un buen día para videojuegos? #MomentoÚnico,@oeqli3810,01/03/2025 06:01,8702,729,3564,videojuegos
Hoy es un buen día para moda? #WOW,@awxca5254,04/03/2025 00:34,2065,750,74,moda
¿Alguien más piensa que tecnología? #LoMejor,@emsng3105,27/02/2025 15:18,157,8,31,tecnología
Por fin terminé moda? #TrendingTopic,@gnarv464,08/02/2025 23:23,5382,2932,645,moda
¿Alguien más piensa que música? #Recomendado,@ownjt6259,01/03/2025 19:05,1695,782,117,música
¿Recomendaciones sobre moda?,@jzbuy2852,08/03/2025 10:27,3356,2337,515,moda
No puedo dejar de pensar en música?,@cajde8681,08/02/2025 20:21,6923,980,2866,música
¿Qué opinan sobre economía?,@fweho5245,15/02/2025 19:34,7720,1865,510,economía
Hoy aprendí que deportes?,@aqump8842,22/02/2025 15:47,4085,1934,568,deportes
Acabo de ver tecnología? #Interesante,@hzxui2624,27/02/2025 16:06,3570,893,174,tecnología
¿Alguien más piensa que libros?,@qdtgb6495,07/03/2025 17:52,7523,870,3193,libros
Quiero compartir que videojuegos?,@yhews3985,27/02/2025 01:58,8347,4176,2136,videojuegos
Me encanta cuando viajes?,@xnkqo1615,26/02/2025 19:52,789,466,354,viajes
Acabo de ver economía? #Opiniones,@mqyds1656,25/02/2025 05:59,7848,3936,3513,economía
No puedo creer que tecnología? #Interesante,@tkznb442,08/02/2025 06:51,5069,1366,136,tecnología
Hoy aprendí que arte?,@uifsl4115,01/03/2025 12:47,2284,1590,22,arte
Descubrí que salud? #NoPuedesSer,@zdper6740,17/02/2025 20:14,617,225,308,salud
Estoy obsesionado con economía? #Interesante,@xudfb9381,15/02/2025 22:29,4905,2611,570,economía
No puedo creer que libros?,@wostk4033,22/02/2025 04:49,6263,954,618,libros
No puedo creer que economía? #Inspiracion,@wubkn8490,10/02/2025 20:49,3358,79,1409,economía
Hoy es un buen día para música?,@kvkmg7763,04/03/2025 09:45,7939,1558,2308,música
¿Alguien más piensa que comida? #MustSee,@ibyvw4099,20/02/2025 10:24,1676,1130,236,comida
Necesito ayuda con economía?,@klqig5944,08/03/2025 01:18,7227,3552,2314,economía
Quiero compartir que ciencia?,@euzja1474,09/03/2025 19:17,8761,1217,850,ciencia
Estoy obsesionado con comida? #WOW,@mnfzy2889,28/02/2025 07:32,5029,2017,1477,comida
¿Recomendaciones sobre libros?,@orlyy9867,17/02/2025 13:38,221,39,100,libros
Odio cuando ciencia?,@usgok4139,07/03/2025 06:22,4922,2046,1554,ciencia
No puedo creer que comida? #Interesante,@rdvci3495,24/02/2025 08:46,7322,4388,886,comida
Acabo de ver tecnología? #NuevoProyecto,@jcsma751,05/03/2025 04:29,1450,108,180,tecnología
Quiero compartir que deportes?,@hmwek8923,24/02/2025 19:23,4652,401,187,deportes
¿Recomendaciones sobre educación? #TopTen,@hlwqv8744,27/02/2025 01:07,986,224,275,educación
¿Recomendaciones sobre viajes?,@srzpf1316,04/03/2025 21:24,4262,2882,901,viajes
Por fin terminé moda?,@ngkyx3643,09/02/2025 21:34,5774,3588,1094,moda
Odio cuando economía?,@cqqxr6048,13/02/2025 06:35,7563,3761,534,economía
¿Alguien más piensa que política?,@vzyvu5931,08/03/2025 11:22,2600,617,302,política
¿Qué opinan sobre moda?,@riezs8303,21/02/2025 23:28,9640,2758,856,moda
Acabo de ver viajes? #MustSee,@iubei5358,20/02/2025 14:42,5175,946,1070,viajes
¿Alguien más piensa que videojuegos?,@tjteh9710,28/02/2025 19:08,6807,3077,1246,videojuegos
No puedo dejar de pensar en cine? #LoMejor,@ueqcw9492,05/03/2025 22:05,3101,1106,902,cine
Me encanta cuando música?,@lkoar4081,24/02/2025 12:22,7688,1038,1016,música
Necesito ayuda con videojuegos?,@zvgil8584,08/02/2025 15:14,5430,1969,1903,videojuegos
Hoy es un buen día para salud?,@nnvwv7605,22/02/2025 08:31,5327,1522,489,salud
Necesito ayuda con salud? #NuevoProyecto,@wysqt7609,07/03/2025 17:10,7798,4626,1660,salud
¿Qué opinan sobre tecnología?,@dehan674,12/02/2025 01:57,6078,2760,884,tecnología
Necesito ayuda con deportes? #MeEncanta,@qftzn6362,17/02/2025 03:30,9658,2603,2078,deportes
Odio cuando música?,@fatje2206,10/03/2025 02:59,2759,1178,1137,música
Hoy es un buen día para arte? #SiguemeYTeSigo,@udepq750,23/02/2025 01:45,5998,250,1822,arte
Descubrí que ciencia?,@xqfcv5479,20/02/2025 23:48,240,156,1,ciencia
Me encanta cuando música? #Inspiracion,@hczxw2949,28/02/2025 17:01,8998,2171,492,música
Me encanta cuando música? #Viral,@orsxk6956,04/03/2025 22:14,9414,734,1075,música
Acabo de ver moda? #LoMejor,@sddjo4631,24/02/2025 08:21,6545,3495,2787,moda
¿Recomendaciones sobre cine?,@kfjue3932,08/03/2025 19:01,9320,111,2376,cine
Descubrí que tecnología?,@zfpwb698,19/02/2025 01:35,3565,2050,754,tecnología
No puedo dejar de pensar en salud? #Recomendado,@qjbbd8890,17/02/2025 12:56,1111,12,500,salud
No puedo creer que viajes? #TopTen,@imeoj5165,10/02/2025 19:08,2665,485,505,viajes
Acabo de ver cine? #Interesante,@myhbl6362,17/02/2025 11:28,3427,2196,1253,cine
Quiero compartir que tecnología? #MomentoÚnico,@okycb1766,16/02/2025 12:12,6275,2566,1864,tecnología
Por fin terminé comida? #Inspiracion,@svaik1429,22/02/2025 17:05,3213,1039,708,comida
Estoy obsesionado con música? #HoyEsElDia,@wapfy4583,07/02/2025 09:52,5735,1882,1652,música
¿Qué opinan sobre videojuegos?,@csvum182,13/02/2025 11:29,859,441,40,videojuegos
Odio cuando deportes? #Tendencia,@rkhbv3607,25/02/2025 11:26,9630,4787,2077,deportes
No puedo dejar de pensar en tecnología? #WOW,@ugdnv9465,01/03/2025 03:01,1499,66,479,tecnología
No puedo creer que libros?,@naqzb4280,17/02/2025 01:27,4760,1888,1437,libros
Hoy es un buen día para salud? #MustSee,@eyfiu1398,14/02/2025 19:22,4432,2721,46,salud
Hoy aprendí que viajes?,@hcrom3998,14/02/2025 22:37,9217,2756,4203,viajes
Me encanta cuando videojuegos? #TrendingTopic,@keuez6796,08/02/2025 23:01,5670,3966,234,videojuegos
Quiero compartir que deportes? #HoyEsElDia,@whlsy1794,01/03/2025 03:43,5880,1550,266,deportes
Por fin terminé ciencia? #Opiniones,@oyrfh800,07/03/2025 03:05,1830,8,885,ciencia
Acabo de ver videojuegos?,@muaii8465,13/02/2025 18:12,7014,1980,2683,videojuegos
¿Recomendaciones sobre moda? #LoMejor,@txkln113,14/02/2025 05:56,6222,1480,2403,moda
Odio cuando videojuegos?,@jboln7905,26/02/2025 09:42,7718,1735,3000,videojuegos
No puedo dejar de pensar en salud?,@dqmah5918,28/02/2025 03:36,3951,55,1762,salud
Hoy aprendí que moda? #TopTen,@rhdkx5136,09/02/2025 04:46,1596,546,73,moda
Hoy aprendí que videojuegos? #MustSee,@swjbs6249,18/02/2025 15:04,2042,1148,753,videojuegos
Por fin terminé comida?,@emrmh9468,10/02/2025 23:46,2618,159,455,comida
Quiero compartir que salud?,@hovho273,13/02/2025 11:42,287,196,101,salud
¿Qué opinan sobre tecnología?,@mctgn2594,13/02/2025 13:49,7181,2435,1808,tecnología
Estoy obsesionado con política? #Interesante,@fgoez3759,08/02/2025 13:50,8853,25,2870,política
Acabo de ver música?,@ekjor9341,11/02/2025 00:33,2366,992,658,música
Acabo de ver política? #Increible,@qmwqf5822,06/03/2025 00:57,5072,3251,1186,política
¿Recomendaciones sobre moda? #Opiniones,@srzks824,28/02/2025 09:35,8009,776,3507,moda
Quiero compartir que ciencia? #MustSee,@gexgb6250,19/02/2025 11:40,4157,2179,123,ciencia
No puedo creer que moda? #HoyEsElDia,@ugmji201,09/02/2025 22:38,2580,1490,173,moda
¿Alguien más piensa que deportes? #LoMejor,@rygvn6867,13/02/2025 22:51,4483,500,1962,deportes
Me encanta cuando videojuegos?,@ijpyi5464,19/02/2025 10:10,8400,2526,2978,videojuegos
Descubrí que educación?,@lrdjm1680,16/02/2025 10:34,9931,552,3801,educación
Me encanta cuando libros? #WOW,@ytebi9389,28/02/2025 06:24,3781,2408,1066,libros
¿Alguien más piensa que viajes? #Viral,@tgcdf450,27/02/2025 19:58,3783,1189,1362,viajes
¿Recomendaciones sobre videojuegos?,@mkdwj3626,12/02/2025 21:06,842,388,344,videojuegos
¿Alguien más piensa que arte? #NuevoProyecto,@lcuxv3661,15/02/2025 09:03,9621,6068,1452,arte
Hoy es un buen día para videojuegos? #Increible,@doiud1177,09/02/2025 06:53,9876,4289,1275,videojuegos
Quiero compartir que salud?,@sczwe8176,28/02/2025 07:57,2419,32,802,salud
Quiero compartir que viajes? #MomentoÚnico,@wgupf9249,18/02/2025 14:48,67,40,25,viajes
Por fin terminé arte? #NoPuedesSer,@xcoft7090,03/03/2025 07:57,7478,1623,2752,arte
Acabo de ver libros? #TopTen,@vbvrs2614,07/03/2025 09:06,5952,1806,297,libros
Descubrí que moda?,@tgxxw7552,01/03/2025 11:21,7271,4111,1663,moda
Me encanta cuando cine? #MomentoÚnico,@nmrhc588,07/03/2025 22:52,8603,1411,1989,cine
¿Qué opinan sobre tecnología? #NoPuedesSer,@qmxrl9631,07/03/2025 23:06,8076,670,3368,tecnología
Me encanta cuando comida?,@mvlwv2332,08/02/2025 23:35,2252,515,619,comida
Odio cuando economía?,@rdxwx2389,12/02/2025 03:31,2625,1459,587,economía
Estoy obsesionado con moda?,@ykqis9351,07/03/2025 10:38,6697,1484,2801,moda
Hoy es un buen día para política? #MeEncanta,@hafwy7224,13/02/2025 18:24,9931,6337,3398,política
Quiero compartir que arte?,@qgnzh3081,15/02/2025 02:31,86,5,2,arte
Quiero compartir que tecnología?,@fpouz5750,12/02/2025 17:23,4237,1411,2042,tecnología
Por fin terminé videojuegos?,@svrlq682,15/02/2025 14:14,7176,3496,3261,videojuegos
Estoy obsesionado con tecnología? #NoPuedesSer,@lglhr446,17/02/2025 14:09,9370,1946,2073,tecnología
Hoy aprendí que cine?,@thrac9054,05/03/2025 04:28,2169,1361,952,cine
Me encanta cuando ciencia?,@ylbjw3107,20/02/2025 17:50,7976,1243,670,ciencia
No puedo dejar de pensar en arte?,@tjhdx5264,14/02/2025 12:18,6484,4254,2074,arte
Me encanta cuando viajes? #HoyEsElDia,@elomk8022,05/03/2025 08:54,3641,1118,650,viajes
Quiero compartir que comida?,@hlyae7487,11/02/2025 00:01,7497,420,1422,comida
Necesito ayuda con música? #MeEncanta,@ujhak456,20/02/2025 20:56,5575,1200,1781,música
Descubrí que salud? #MomentoÚnico,@oplrm3557,17/02/2025 14:14,99,14,6,salud
No puedo dejar de pensar en deportes?,@ozysx961,26/02/2025 17:30,5745,2830,2195,deportes
¿Recomendaciones sobre música? #Interesante,@zbwuu8641,24/02/2025 22:34,750,418,356,música
Acabo de ver comida? #MeEncanta,@kovus2873,16/02/2025 07:58,4281,2530,881,comida
¿Qué opinan sobre salud?,@vizdt6860,12/02/2025 20:45,91,25,32,salud
Estoy obsesionado con educación?,@gsydr6217,03/03/2025 14:55,9774,3491,779,educación
Descubrí que ciencia? #WOW,@ybmox3991,02/03/2025 21:38,7741,2300,1196,ciencia
Quiero compartir que videojuegos?,@iazcn87,25/02/2025 22:08,6648,5,1213,videojuegos
Estoy obsesionado con economía?,@xchvy3137,22/02/2025 00:27,4699,2909,2217,economía
No puedo dejar de pensar en comida?,@sksnb9238,20/02/2025 07:11,1171,202,571,comida
Acabo de ver viajes? #HoyEsElDia,@jddnq5882,05/03/2025 23:27,1336,905,583,viajes
Hoy es un buen día para música? #NoPuedesSer,@fclml8094,03/03/2025 23:31,9022,3327,2585,música
Hoy aprendí que educación?,@fbnaf9472,09/03/2025 09:28,6739,625,3245,educación
¿Qué opinan sobre economía?,@aywnr5380,09/03/2025 00:48,8367,1409,652,economía
Estoy obsesionado con ciencia? #NoPuedesSer,@fdlkv1383,09/03/2025 12:06,820,370,176,ciencia
Descubrí que arte? #MomentoÚnico,@gwapf4167,12/02/2025 21:39,6856,4345,1319,arte
Acabo de ver salud?,@srilc4479,21/02/2025 09:52,4082,2730,447,salud
Por fin terminé deportes? #HoyEsElDia,@xculm6355,05/03/2025 06:11,8480,2861,2542,deportes
¿Qué opinan sobre videojuegos? #NoPuedesSer,@rjfns6597,07/03/2025 09:40,8050,252,3978,videojuegos
Estoy obsesionado con ciencia? #TrendingTopic,@zmfnz6000,12/02/2025 03:32,4620,2218,149,ciencia
Odio cuando viajes?,@mjpmq8595,14/02/2025 19:22,4158,2495,848,viajes
¿Alguien más piensa que deportes?,@vgojm9556,17/02/2025 12:11,2174,172,476,deportes
Me encanta cuando libros?,@sagvg9931,23/02/2025 00:41,6441,3701,252,libros
Odio cuando viajes? #WOW,@wgnhh2660,13/02/2025 08:18,2279,420,309,viajes
Hoy es un buen día para viajes? #Inspiracion,@daxyy4611,06/03/2025 05:27,2693,226,937,viajes
Descubrí que salud?,@bruqe6607,08/03/2025 17:45,8620,5679,791,salud
Me encanta cuando educación?,@yoczu7933,08/03/2025 22:18,7242,1806,444,educación
Odio cuando deportes?,@unetv8124,10/02/2025 20:13,4102,1848,1284,deportes
No puedo dejar de pensar en salud?,@waglz5407,07/02/2025 23:42,375,255,14,salud
Descubrí que moda?,@grtmo8034,12/02/2025 23:11,5905,3371,1795,moda
¿Alguien más piensa que economía?,@kgqlh1042,09/02/2025 06:47,4792,3269,802,economía
Odio cuando viajes? #WOW,@xoyrg4989,28/02/2025 22:06,5755,1049,2114,viajes
Acabo de ver música? #SiguemeYTeSigo,@whxgm5860,09/02/2025 05:06,5942,3346,80,música
Acabo de ver libros?,@dvggr8935,25/02/2025 18:19,2436,547,484,libros
No puedo dejar de pensar en comida? #MeEncanta,@wuzto4055,07/02/2025 18:43,9517,1605,1820,comida
No puedo dejar de pensar en comida?,@vbfhq3656,17/02/2025 04:11,7673,3046,1182,comida
Necesito ayuda con videojuegos?,@xddqm6815,07/02/2025 19:51,7606,3923,336,videojuegos
Por fin terminé salud? #SiguemeYTeSigo,@qjpwm7989,03/03/2025 03:19,7616,2017,2161,salud
Descubrí que libros? #HoyEsElDia,@grklx8507,17/02/2025 03:02,8138,3273,3816,libros
Odio cuando videojuegos?,@qzgcd9944,18/02/2025 01:22,3326,2308,1086,videojuegos
Por fin terminé videojuegos? #TrendingTopic,@nepok5527,12/02/2025 21:18,7657,765,2280,videojuegos
Hoy aprendí que cine?,@efdfd3026,15/02/2025 15:00,6400,1440,24,cine
Descubrí que cine?,@nulvl2964,10/03/2025 01:48,6084,1847,329,cine
Estoy obsesionado con comida? #MomentoÚnico,@unhip758,10/02/2025 10:33,2950,1214,177,comida
No puedo dejar de pensar en ciencia? #TopTen,@nkzxt5486,27/02/2025 03:16,689,234,171,ciencia
Estoy obsesionado con arte?,@akvcn4020,12/02/2025 04:59,3921,29,886,arte
¿Recomendaciones sobre comida?,@udxtt400,07/03/2025 23:58,9306,2048,2135,comida
Me encanta cuando política? #WOW,@txyfk4833,08/02/2025 05:40,3589,668,1341,política
Estoy obsesionado con moda? #TopTen,@cspqf3488,01/03/2025 03:01,9428,5264,41,moda
Necesito ayuda con música?,@nqgom7461,11/02/2025 10:19,4836,2727,225,música
Estoy obsesionado con educación?,@tvlou8321,04/03/2025 16:40,6595,1475,2383,educación
Por fin terminé comida?,@exogx3536,01/03/2025 14:13,3986,402,1573,comida
Hoy es un buen día para tecnología? #NuevoProyecto,@cyinw5969,28/02/2025 16:42,1782,763,729,tecnología
¿Alguien más piensa que viajes?,@yspxu8170,12/02/2025 15:41,8879,767,2776,viajes
¿Alguien más piensa que ciencia? #Increible,@vyrcq965,26/02/2025 06:34,7646,2294,905,ciencia
Por fin terminé comida?,@kilmq2037,23/02/2025 03:04,1199,284,386,comida
Hoy es un buen día para viajes? #NuevoProyecto,@ntzbh984,21/02/2025 18:58,4936,2370,1166,viajes
No puedo creer que cine? #MomentoÚnico,@rddua8405,11/02/2025 02:15,2052,310,976,cine
Me encanta cuando videojuegos?,@eyxrh1343,26/02/2025 13:50,6408,4111,2366,videojuegos
¿Alguien más piensa que arte? #WOW,@xqbdm959,24/02/2025 01:33,9627,2195,2795,arte
No puedo creer que comida?,@crapk3518,11/02/2025 06:59,1557,28,234,comida
¿Alguien más piensa que tecnología? #Interesante,@qqxni9390,26/02/2025 11:24,2202,510,62,tecnología
Por fin terminé ciencia? #Inspiracion,@rgisv855,23/02/2025 05:04,3347,1087,746,ciencia
Hoy aprendí que comida?,@fscmw5474,07/02/2025 21:16,4734,3273,1281,comida
No puedo creer que política?,@vtuzu2106,27/02/2025 15:35,4390,2020,682,política
No puedo dejar de pensar en política?,@mxcus3875,17/02/2025 05:02,2866,1788,352,política
No puedo dejar de pensar en salud? #HoyEsElDia,@gwniv3957,07/03/2025 04:38,1064,474,220,salud
¿Alguien más piensa que salud?,@irutr921,11/02/2025 03:52,5015,2057,999,salud
Estoy obsesionado con educación? #HoyEsElDia,@jkzca5028,11/02/2025 22:14,7203,4536,1495,educación
¿Recomendaciones sobre videojuegos? #MeEncanta,@sznlk9188,21/02/2025 15:22,9625,4903,1009,videojuegos
Hoy aprendí que educación? #SiguemeYTeSigo,@ugtvd7622,10/02/2025 13:51,4318,2614,1530,educación
Acabo de ver moda?,@hjjzj1484,28/02/2025 11:02,955,408,411,moda
Necesito ayuda con política?,@xlaif1870,25/02/2025 15:00,2746,884,663,política
Hoy es un buen día para música? #Inspiracion,@iltyc4883,13/02/2025 20:06,6704,4159,1787,música
Por fin terminé ciencia? #WOW,@algag1606,08/02/2025 09:37,9338,5561,3420,ciencia
¿Alguien más piensa que economía?,@ydqob5534,01/03/2025 19:40,3676,298,1747,economía
¿Qué opinan sobre videojuegos? #NoPuedesSer,@lkgrk4274,03/03/2025 00:41,2311,757,105,videojuegos
Por fin terminé política?,@efyua1418,01/03/2025 14:26,9484,1544,148,política
Por fin terminé política?,@aqkcn807,04/03/2025 13:00,4732,2342,1512,política
¿Recomendaciones sobre tecnología?,@kfjmn3602,19/02/2025 18:12,452,65,78,tecnología
No puedo creer que ciencia?,@czphd7496,05/03/2025 16:01,1161,803,20,ciencia
¿Recomendaciones sobre cine? #NoPuedesSer,@esdij4307,18/02/2025 13:59,831,216,383,cine
¿Alguien más piensa que política? #NuevoProyecto,@phiig1749,17/02/2025 05:36,332,15,98,política
¿Recomendaciones sobre moda? #NoPuedesSer,@meiwp8909,08/03/2025 11:52,3379,1240,1522,moda
Me encanta cuando comida? #Recomendado,@rvtsf3065,10/02/2025 14:18,6541,2636,1638,comida
¿Recomendaciones sobre economía? #Inspiracion,@tdepf6364,07/03/2025 14:57,8371,836,2373,economía
No puedo creer que política? #MomentoÚnico,@dfiep9399,26/02/2025 07:14,9764,4212,2519,política
¿Qué opinan sobre libros? #NuevoProyecto,@zwfkv3263,04/03/2025 03:36,5423,401,1184,libros
Descubrí que arte?,@jbwzb4883,25/02/2025 14:00,1864,223,151,arte
Estoy obsesionado con cine? #MeEncanta,@fsjkx9854,25/02/2025 15:16,9738,1738,1927,cine
Necesito ayuda con arte?,@mtlcc39,06/03/2025 07:02,8832,946,2047,arte
Necesito ayuda con economía?,@fyjoy698,28/02/2025 02:03,6753,4301,1900,economía
Hoy aprendí que música?,@pdajn161,09/03/2025 08:42,179,12,7,música
Quiero compartir que libros?,@cdomq5104,17/02/2025 19:27,6169,3270,1452,libros
No puedo dejar de pensar en comida?,@axfky892,06/03/2025 00:07,8583,3780,4078,comida
Estoy obsesionado con economía? #WOW,@rvnyp6658,21/02/2025 22:51,6560,286,1708,economía
Hoy aprendí que libros?,@iicvx5565,28/02/2025 00:49,9387,973,3089,libros
Quiero compartir que política?,@amjyu4918,02/03/2025 14:33,963,98,51,política
No puedo dejar de pensar en música? #LoMejor,@asyqp1722,09/02/2025 12:19,6908,2282,2517,música
¿Recomendaciones sobre música? #MustSee,@kgvoq8247,07/02/2025 11:11,3033,1392,979,música
Por fin terminé arte?,@jgnye4825,19/02/2025 23:22,7498,3944,1154,arte
¿Recomendaciones sobre ciencia? #WOW,@gntrw2268,06/03/2025 15:19,2585,1089,928,ciencia
No puedo creer que ciencia? #Increible,@ffuzo376,08/02/2025 08:42,5303,1583,775,ciencia
Me encanta cuando deportes?,@jfeou1103,22/02/2025 01:27,9179,4396,3582,deportes
Acabo de ver deportes? #Inspiracion,@jumqs5885,24/02/2025 21:03,2044,659,222,deportes
¿Alguien más piensa que cine? #WOW,@plptp3415,22/02/2025 09:22,6407,725,2884,cine
No puedo dejar de pensar en cine? #LoMejor,@ysnfx2920,27/02/2025 16:37,59,28,10,cine
¿Alguien más piensa que comida? #MomentoÚnico,@taxpa4749,09/03/2025 17:01,7913,1797,3109,comida
¿Recomendaciones sobre política?,@wdvea1076,10/02/2025 18:30,3311,1610,430,política
Por fin terminé arte?,@ddrlw1401,19/02/2025 02:51,5994,3821,2750,arte
Estoy obsesionado con tecnología?,@bbfxr4371,14/02/2025 04:40,7805,3862,3448,tecnología
¿Recomendaciones sobre salud? #Opiniones,@dfffh1169,27/02/2025 06:08,4613,844,219,salud
Descubrí que deportes? #Increible,@njuzr1141,05/03/2025 03:54,450,250,135,deportes
¿Alguien más piensa que educación? #LoMejor,@mzczd8087,08/02/2025 10:52,4820,2592,959,educación
¿Recomendaciones sobre política?,@lenti5337,18/02/2025 18:21,8583,5255,3882,política
¿Qué opinan sobre ciencia? #NuevoProyecto,@oypeu4154,13/02/2025 11:37,7088,829,1624,ciencia
Hoy es un buen día para música? #MomentoÚnico,@gqtvz8908,23/02/2025 21:25,5933,3352,2085,música
Me encanta cuando moda?,@zzafz1585,19/02/2025 12:26,8721,2096,1260,moda
Necesito ayuda con ciencia? #MustSee,@zvjzb1056,21/02/2025 15:14,667,421,272,ciencia
Hoy es un buen día para moda?,@gglar3487,03/03/2025 11:55,8872,1900,169,moda
¿Recomendaciones sobre viajes?,@dujvi8018,17/02/2025 07:18,2221,1422,817,viajes
Por fin terminé deportes?,@htlck3346,12/02/2025 18:38,8068,4539,3310,deportes
Odio cuando comida? #LoMejor,@nesoq9585,13/02/2025 15:30,3854,784,1014,comida
Quiero compartir que política?,@iaina631,26/02/2025 18:40,1180,346,262,política
Hoy es un buen día para cine? #TrendingTopic,@dosuu1836,10/03/2025 04:12,8014,5153,1511,cine
Quiero compartir que salud? #NoPuedesSer,@pakck2113,09/02/2025 17:39,1565,797,394,salud
Necesito ayuda con ciencia? #TopTen,@wmzcm6820,26/02/2025 00:32,6614,4380,1834,ciencia
Acabo de ver música? #Recomendado,@cyvod4206,11/02/2025 04:28,6224,620,2185,música
No puedo dejar de pensar en comida? #NuevoProyecto,@ftivw2337,01/03/2025 15:29,3493,630,320,comida
No puedo creer que ciencia? #MustSee,@vevli2051,21/02/2025 00:13,7004,3442,329,ciencia
Descubrí que comida? #MeEncanta,@gjvst4079,09/03/2025 14:01,4371,161,1478,comida
Por fin terminé viajes?,@vqthl2674,11/02/2025 08:00,8994,2935,2593,viajes
Hoy es un buen día para comida?,@qwuxu5889,18/02/2025 14:56,728,448,279,comida
No puedo creer que tecnología? #MustSee,@lszop3225,28/02/2025 20:41,5790,3711,1853,tecnología
No puedo dejar de pensar en política? #MomentoÚnico,@vkxdx4629,20/02/2025 14:02,9662,865,4591,política
Hoy aprendí que salud?,@rcaue4465,17/02/2025 10:44,3302,556,929,salud
Necesito ayuda con deportes? #Viral,@peecc1529,06/03/2025 21:32,6451,2283,904,deportes
No puedo dejar de pensar en libros? #TopTen,@feaqz6998,23/02/2025 22:05,7596,3466,2359,libros
Me encanta cuando educación? #Tendencia,@umtwy4441,19/02/2025 15:00,9611,5108,1235,educación
Quiero compartir que comida?,@rtydj2527,12/02/2025 03:24,8465,1991,877,comida
Acabo de ver educación? #LoMejor,@jmnni5473,09/02/2025 06:48,2793,1448,324,educación
No puedo creer que cine? #TrendingTopic,@cdmfa2513,03/03/2025 14:34,1424,43,270,cine
Estoy obsesionado con educación? #Interesante,@qyqju8137,24/02/2025 14:46,4650,2262,1039,educación
No puedo creer que economía? #Tendencia,@ldtbd1391,08/03/2025 22:43,7794,2014,2398,economía
Acabo de ver moda? #MustSee,@ofybj9276,05/03/2025 06:21,7439,4520,2777,moda
Necesito ayuda con política? #SiguemeYTeSigo,@vscaz1648,05/03/2025 00:23,4580,2291,1430,política
Hoy es un buen día para arte? #NoPuedesSer,@zxmsw2343,24/02/2025 03:17,1704,630,568,arte
Descubrí que moda? #Viral,@rmceb8158,21/02/2025 05:30,9579,5523,3140,moda
Por fin terminé economía? #Tendencia,@vtpdb1297,08/02/2025 18:26,7655,1926,3823,economía
Por fin terminé música? #NoPuedesSer,@dftzs4347,10/02/2025 11:42,2977,398,914,música
Odio cuando economía?,@uwhdv5028,13/02/2025 18:23,8171,5200,4023,economía
No puedo dejar de pensar en educación? #HoyEsElDia,@xvsdt6733,23/02/2025 07:04,5023,225,1522,educación
No puedo creer que libros?,@cpfir5373,09/03/2025 13:11,2013,620,389,libros
Estoy obsesionado con política?,@fgzys2122,17/02/2025 00:58,87,5,27,política
No puedo creer que economía?,@ajxld8021,17/02/2025 23:05,4706,1121,974,economía
¿Recomendaciones sobre moda? #MomentoÚnico,@uierx5363,22/02/2025 08:11,7471,2064,3625,moda
Acabo de ver cine?,@gbxbt1805,27/02/2025 22:12,4238,1382,391,cine
Necesito ayuda con arte?,@zlida4579,18/02/2025 19:39,2948,172,54,arte
Estoy obsesionado con videojuegos?,@zxvyn8854,11/02/2025 18:55,5344,2488,1009,videojuegos
¿Qué opinan sobre videojuegos?,@dqzmi6800,26/02/2025 10:01,2740,948,1127,videojuegos
Acabo de ver deportes? #Tendencia,@kshci1302,05/03/2025 12:06,806,239,87,deportes
No puedo creer que videojuegos?,@iodzt2832,02/03/2025 20:31,1153,454,461,videojuegos
Quiero compartir que viajes? #MustSee,@yvtoz4095,20/02/2025 20:37,7900,141,3602,viajes
Odio cuando economía? #MustSee,@sfary408,16/02/2025 19:30,8532,627,3525,economía
Hoy aprendí que economía?,@acapn48,01/03/2025 11:32,2146,190,201,economía
No puedo creer que política? #Recomendado,@blhta5847,18/02/2025 16:13,2976,982,969,política
Acabo de ver ciencia?,@shjir9067,07/03/2025 22:42,3106,944,739,ciencia
No puedo dejar de pensar en educación?,@ecevg944,13/02/2025 09:39,3929,924,1442,educación
Hoy aprendí que política? #MustSee,@qdycf9544,28/02/2025 07:59,2326,761,484,política
Estoy obsesionado con libros? #Viral,@siehx6767,06/03/2025 16:00,4135,2174,1013,libros
Descubrí que viajes?,@sazkg646,25/02/2025 13:49,9750,3980,3828,viajes
No puedo creer que cine? #HoyEsElDia,@zbirg6357,16/02/2025 15:41,2136,603,46,cine
Hoy es un buen día para tecnología?,@ryyll2394,21/02/2025 16:31,7971,3756,3842,tecnología
¿Qué opinan sobre libros? #MustSee,@abfbb2792,14/02/2025 10:38,448,220,41,libros
Hoy es un buen día para tecnología?,@llbaj9108,25/02/2025 13:47,9445,5929,260,tecnología
¿Alguien más piensa que ciencia? #TopTen,@iziyd1937,23/02/2025 15:06,2092,114,66,ciencia
¿Recomendaciones sobre economía?,@faxfz617,09/02/2025 13:25,8363,1205,274,economía
Hoy es un buen día para economía?,@ottki9718,17/02/2025 19:27,5134,2614,137,economía
¿Alguien más piensa que cine? #Viral,@zkiwv5593,05/03/2025 01:54,5898,3891,1841,cine
No puedo creer que deportes? #TopTen,@xzips5368,09/02/2025 06:00,823,140,234,deportes
No puedo dejar de pensar en arte?,@ctltl5949,03/03/2025 05:48,295,23,81,arte
Descubrí que ciencia?,@vgjtp235,06/03/2025 17:17,9700,4820,3445,ciencia
Acabo de ver videojuegos? #HoyEsElDia,@putgf3517,23/02/2025 06:09,2636,86,517,videojuegos
Acabo de ver libros? #TopTen,@koymi4167,09/02/2025 07:25,9129,5539,2797,libros
Quiero compartir que salud?,@pqrum2188,05/03/2025 06:50,2549,387,271,salud
No puedo creer que economía?,@ddrje6273,15/02/2025 04:30,5464,1652,525,economía
Quiero compartir que música?,@hxvhp5649,26/02/2025 01:45,1147,154,156,música
Descubrí que economía?,@amqdb1298,24/02/2025 15:25,1006,38,304,economía
Descubrí que arte?,@bhjda8622,17/02/2025 15:43,529,305,251,arte
Odio cuando educación?,@zgxfg4979,07/03/2025 22:29,6374,677,1291,educación
Quiero compartir que educación?,@gpurj2781,02/03/2025 08:13,5784,2117,1894,educación
Hoy es un buen día para salud? #Opiniones,@vjipe9383,11/02/2025 14:34,1428,801,191,salud
Quiero compartir que videojuegos? #Interesante,@wyugs3000,21/02/2025 16:10,5583,801,2513,videojuegos
Descubrí que economía? #NoPuedesSer,@hargy9622,02/03/2025 10:29,3395,1496,752,economía
No puedo dejar de pensar en arte? #HoyEsElDia,@rwlxf339,09/02/2025 04:46,737,277,328,arte
Estoy obsesionado con economía?,@oezws4786,21/02/2025 00:29,4290,2947,1135,economía
Hoy aprendí que videojuegos?,@rebdk8511,12/02/2025 00:09,8924,4150,3160,videojuegos
Estoy obsesionado con viajes?,@ayhok6845,16/02/2025 10:28,9219,2700,2455,viajes
Necesito ayuda con viajes?,@wghwl1544,26/02/2025 20:12,3652,971,871,viajes
¿Recomendaciones sobre salud? #MeEncanta,@lsloe5846,27/02/2025 22:43,688,24,129,salud
Por fin terminé salud?,@qsghi9777,10/02/2025 14:32,7319,4045,686,salud
No puedo creer que comida? #TrendingTopic,@xfdkz8502,21/02/2025 09:25,6988,2465,206,comida
¿Qué opinan sobre tecnología? #Interesante,@cypvs6168,09/03/2025 06:39,3567,1629,1703,tecnología
No puedo creer que cine? #Recomendado,@ygepc1555,08/02/2025 22:06,3591,210,1548,cine
Quiero compartir que viajes? #MeEncanta,@jxree7940,17/02/2025 10:16,5910,1320,1390,viajes
Odio cuando videojuegos?,@kbtmd7468,13/02/2025 01:53,9692,4875,3349,videojuegos
No puedo creer que moda? #TrendingTopic,@dqsjq8113,08/02/2025 23:10,4729,549,1288,moda
Hoy aprendí que deportes?,@dycro3326,11/02/2025 14:29,1209,571,452,deportes
Me encanta cuando ciencia?,@fghud4526,27/02/2025 05:49,7870,5071,1915,ciencia
Odio cuando tecnología? #Interesante,@xuydv7930,11/02/2025 15:11,6431,684,1729,tecnología
Hoy aprendí que ciencia?,@bfmyj7740,02/03/2025 11:49,4916,1727,358,ciencia
¿Alguien más piensa que música? #SiguemeYTeSigo,@knsmy1612,06/03/2025 03:51,3489,1972,812,música
Necesito ayuda con tecnología? #MomentoÚnico,@otrcr6535,09/03/2025 14:48,6321,3812,746,tecnología
Descubrí que ciencia?,@jvqhs796,24/02/2025 06:11,6841,667,3365,ciencia
Necesito ayuda con ciencia? #WOW,@avstn7674,09/02/2025 22:57,9343,1397,2627,ciencia
Quiero compartir que libros? #Tendencia,@glghp9611,22/02/2025 17:43,7374,879,1153,libros
No puedo dejar de pensar en tecnología?,@kcmxe7511,02/03/2025 17:14,4200,1115,1816,tecnología
¿Alguien más piensa que viajes?,@zwdew2561,08/03/2025 02:41,5353,888,1367,viajes
Quiero compartir que salud?,@poffh3481,22/02/2025 22:17,6049,708,2236,salud
Odio cuando moda?,@lwxul7004,08/03/2025 22:10,9459,1600,363,moda
No puedo creer que tecnología?,@svgjb9264,27/02/2025 15:33,5915,2891,321,tecnología
Estoy obsesionado con música? #Inspiracion,@kbnuk7395,03/03/2025 10:53,8089,5330,2607,música
Me encanta cuando viajes?,@npgmm8973,14/02/2025 13:14,6611,3159,277,viajes
Acabo de ver economía? #Inspiracion,@dtdqn8384,19/02/2025 12:06,5542,742,2368,economía
Hoy es un buen día para comida? #WOW,@mrvpm7581,15/02/2025 07:25,3257,1077,1592,comida
Necesito ayuda con educación?,@amihu5024,16/02/2025 20:24,6909,222,1408,educación
No puedo creer que música? #NoPuedesSer,@jmbsq4128,25/02/2025 19:08,7963,3171,3676,música
Me encanta cuando salud?,@hdkfj3776,01/03/2025 06:13,6386,29,1302,salud
Odio cuando tecnología? #NoPuedesSer,@ugccn4252,25/02/2025 13:33,7959,4949,2209,tecnología
Odio cuando política? #MomentoÚnico,@mljco565,09/02/2025 17:07,474,5,59,política
¿Recomendaciones sobre cine? #TrendingTopic,@wtwmk95,09/02/2025 05:38,9102,3301,2751,cine
Descubrí que música?,@merli4450,19/02/2025 15:12,4659,1261,498,música
¿Alguien más piensa que viajes? #MomentoÚnico,@ailft1814,02/03/2025 01:06,3358,2004,1083,viajes
Quiero compartir que libros?,@figzc8684,08/02/2025 09:28,4704,1895,991,libros
Descubrí que deportes? #MomentoÚnico,@ybmqb7788,10/02/2025 12:09,8737,6023,2022,deportes
Hoy aprendí que política?,@ggecg981,01/03/2025 00:43,2024,980,26,política
No puedo dejar de pensar en viajes?,@dfrab3869,15/02/2025 12:11,9135,4915,955,viajes
¿Alguien más piensa que deportes? #NuevoProyecto,@ikago5326,06/03/2025 11:04,3707,1383,1730,deportes
Me encanta cuando economía?,@coeeg1206,09/02/2025 12:58,9733,2435,239,economía
Por fin terminé videojuegos?,@xwzzl1148,17/02/2025 06:42,9912,3524,900,videojuegos
No puedo dejar de pensar en política? #MustSee,@bxsme5597,02/03/2025 13:13,7605,4505,3577,política
Por fin terminé comida?,@wbeby7793,13/02/2025 06:51,4851,389,1616,comida
Me encanta cuando política? #Opiniones,@wmqiu8594,17/02/2025 21:49,2801,775,1349,política
¿Recomendaciones sobre ciencia?,@vhugt5196,23/02/2025 13:02,245,92,42,ciencia
Estoy obsesionado con ciencia?,@xgkuq815,10/02/2025 12:51,2019,1277,798,ciencia
Por fin terminé arte?,@dcfwe7686,22/02/2025 18:23,7068,647,800,arte
¿Qué opinan sobre economía? #Tendencia,@xtzjc6165,22/02/2025 00:44,2564,938,1109,economía
¿Recomendaciones sobre viajes? #TopTen,@ukxxv8664,16/02/2025 15:07,6572,2184,1833,viajes
¿Recomendaciones sobre ciencia?,@jqnls3746,17/02/2025 23:00,9175,3801,1011,ciencia
Descubrí que economía?,@ufesu897,10/03/2025 02:49,8533,1472,1644,economía
Quiero compartir que videojuegos? #NuevoProyecto,@ijwrf8461,11/02/2025 21:54,2796,104,1323,videojuegos
¿Qué opinan sobre deportes? #HoyEsElDia,@fpivg9240,18/02/2025 04:19,7611,540,162,deportes
Me encanta cuando política? #SiguemeYTeSigo,@txmhl8269,11/02/2025 18:42,7193,1559,206,política
¿Recomendaciones sobre videojuegos?,@oiiyw7831,06/03/2025 18:49,8587,357,2321,videojuegos
Estoy obsesionado con ciencia? #MustSee,@idiiu9159,24/02/2025 13:17,5592,726,1556,ciencia
Odio cuando educación?,@yhcnw1776,24/02/2025 18:43,9093,3366,2852,educación
Acabo de ver educación? #Increible,@llejz47,22/02/2025 13:00,7768,2924,666,educación
Acabo de ver arte?,@ulgal4944,07/03/2025 21:54,3059,1885,1280,arte
Me encanta cuando salud?,@izyoq5512,18/02/2025 09:23,3170,655,1341,salud
¿Recomendaciones sobre economía?,@zqkgj1888,08/03/2025 12:03,5143,803,1409,economía
¿Recomendaciones sobre viajes?,@uinyl6992,01/03/2025 03:15,9341,3504,2151,viajes
No puedo dejar de pensar en música? #TrendingTopic,@zrvgv5051,10/02/2025 02:23,4292,550,1904,música
¿Alguien más piensa que ciencia?,@vpdaj606,15/02/2025 10:12,6868,3765,1613,ciencia
Me encanta cuando viajes?,@iluor7348,18/02/2025 02:50,1963,105,611,viajes
Quiero compartir que arte? #NoPuedesSer,@xydry4483,23/02/2025 04:24,2127,962,753,arte
Quiero compartir que política? #WOW,@fwzgw4379,03/03/2025 10:39,3082,327,732,política
Descubrí que tecnología? #Interesante,@lvosz2223,28/02/2025 14:02,2332,526,69,tecnología
Odio cuando ciencia?,@pnpgo2566,25/02/2025 23:03,2735,1027,706,ciencia
¿Qué opinan sobre tecnología? #MustSee,@jekii6346,07/03/2025 09:40,9641,160,3897,tecnología
No puedo creer que deportes? #NuevoProyecto,@lgzws67,03/03/2025 02:32,822,304,107,deportes
Quiero compartir que viajes? #Recomendado,@dejop3050,15/02/2025 16:14,2174,130,226,viajes
Por fin terminé tecnología?,@vbffw9657,10/02/2025 20:34,9898,6668,522,tecnología
Descubrí que libros? #Increible,@addhb6954,16/02/2025 09:21,980,199,167,libros
Por fin terminé educación?,@tgsay3191,10/02/2025 09:36,7962,4712,3106,educación
Descubrí que política?,@wggwu266,11/02/2025 10:53,3727,1357,1637,política
No puedo dejar de pensar en cine? #Increible,@avvjx8710,03/03/2025 03:05,1070,668,171,cine
Estoy obsesionado con política?,@wiufw2519,06/03/2025 17:12,2652,642,285,política
Hoy aprendí que libros? #NuevoProyecto,@fagub6276,10/03/2025 04:27,1581,373,547,libros
Descubrí que deportes?,@iysjb893,05/03/2025 09:10,8093,5367,3474,deportes
No puedo dejar de pensar en viajes? #NoPuedesSer,@onnhj2725,10/02/2025 00:03,7096,4868,729,viajes
Quiero compartir que deportes?,@eycpi8755,22/02/2025 00:34,8294,3067,2017,deportes
¿Recomendaciones sobre deportes? #MeEncanta,@yqkul8331,08/03/2025 14:18,2374,1215,292,deportes
No puedo dejar de pensar en política?,@dbczo842,10/02/2025 01:51,2280,357,973,política
Por fin terminé moda? #HoyEsElDia,@xhiuc5578,25/02/2025 08:22,6102,1192,497,moda
¿Qué opinan sobre economía?,@bsakl9036,05/03/2025 02:11,5427,806,1118,economía
¿Recomendaciones sobre educación? #NoPuedesSer,@gssqg1492,22/02/2025 10:18,4407,1140,1978,educación
¿Alguien más piensa que comida?,@iptrf2647,27/02/2025 23:40,8436,1710,724,comida
Por fin terminé salud? #LoMejor,@duazq9038,27/02/2025 00:52,5734,2141,254,salud
No puedo creer que libros? #WOW,@xbxcw9242,08/03/2025 11:43,7348,3404,1378,libros
No puedo creer que salud?,@dohxs9224,16/02/2025 04:48,2835,872,1394,salud
Odio cuando arte? #NuevoProyecto,@biwke4353,25/02/2025 04:06,6899,2831,3137,arte
Hoy aprendí que arte?,@lokjo5729,17/02/2025 01:47,4686,2487,1159,arte
No puedo creer que política? #MomentoÚnico,@zmrnq6531,05/03/2025 09:31,8578,4217,1771,política
Descubrí que tecnología? #MomentoÚnico,@mbyhl9485,06/03/2025 08:09,7610,3095,1173,tecnología
¿Alguien más piensa que libros? #Interesante,@uvlws851,07/03/2025 07:53,2833,1772,1348,libros
Por fin terminé política? #SiguemeYTeSigo,@fyxfl1362,05/03/2025 21:55,5972,2152,385,política
No puedo dejar de pensar en deportes? #Increible,@adzok325,23/02/2025 17:57,7707,384,477,deportes
Hoy es un buen día para política?,@muvho9406,09/02/2025 21:49,5251,1972,2198,política
Acabo de ver deportes?,@xfdri3358,02/03/2025 16:07,7101,432,3028,deportes
Hoy aprendí que salud?,@ljywu6183,23/02/2025 14:04,8125,4377,2837,salud
¿Alguien más piensa que educación? #SiguemeYTeSigo,@wgztv1719,23/02/2025 20:34,1428,364,301,educación
No puedo dejar de pensar en arte? #Inspiracion,@mmwvs8516,08/03/2025 01:14,4027,2449,779,arte
¿Recomendaciones sobre videojuegos?,@jvkvi6632,14/02/2025 23:01,6633,1191,1616,videojuegos
¿Recomendaciones sobre educación?,@cdwpt3118,06/03/2025 09:03,8314,3557,3054,educación
Por fin terminé moda? #Inspiracion,@bwpyo9275,09/03/2025 10:09,1898,1160,469,moda
Por fin terminé tecnología? #MomentoÚnico,@hgakl7390,17/02/2025 14:03,5712,647,1511,tecnología
Por fin terminé deportes?,@pzgcf72,23/02/2025 02:14,9797,1000,406,deportes
Me encanta cuando viajes?,@vyexd7091,27/02/2025 03:43,8357,358,932,viajes
Acabo de ver salud? #TrendingTopic,@drzyg6241,04/03/2025 13:02,8169,1592,1339,salud
Odio cuando salud? #TrendingTopic,@nmccf8252,27/02/2025 14:10,4194,864,1941,salud
¿Recomendaciones sobre deportes? #WOW,@zqblq8694,24/02/2025 07:22,554,283,122,deportes
¿Qué opinan sobre economía?,@tkudw2873,16/02/2025 06:37,3912,415,1816,economía
¿Recomendaciones sobre comida?,@obezh6468,19/02/2025 08:40,7834,1520,518,comida
Me encanta cuando política? #Increible,@awdca797,06/03/2025 11:32,6097,4122,1358,política
Me encanta cuando deportes?,@cnfnc7027,04/03/2025 22:57,1551,273,160,deportes
Acabo de ver viajes? #NuevoProyecto,@ntivg792,16/02/2025 04:18,4379,2677,656,viajes
Hoy aprendí que salud?,@ynxtk1157,18/02/2025 20:22,4124,729,410,salud
¿Alguien más piensa que música?,@fpeux7275,09/03/2025 01:12,7500,670,3192,música
¿Qué opinan sobre ciencia? #NoPuedesSer,@iegcr6024,03/03/2025 15:35,7560,4609,599,ciencia
Por fin terminé salud? #MeEncanta,@tokgn4695,14/02/2025 14:07,6826,2841,3002,salud
No puedo dejar de pensar en comida?,@hsqtz7398,24/02/2025 13:43,1588,933,748,comida
Hoy es un buen día para cine? #WOW,@ojbbh2829,13/02/2025 00:01,1248,765,538,cine
Necesito ayuda con música? #MomentoÚnico,@kijry6990,04/03/2025 12:14,1414,880,1,música
Hoy aprendí que música? #Recomendado,@bxkqe8608,07/03/2025 11:10,3660,1031,598,música
Hoy aprendí que cine? #LoMejor,@qkiks4452,01/03/2025 06:53,6210,2890,250,cine
Descubrí que comida? #MustSee,@rzpoj2747,15/02/2025 06:10,1103,318,339,comida
Me encanta cuando libros?,@ukjjx7804,12/02/2025 21:12,1872,80,711,libros
No puedo creer que comida? #Opiniones,@blwwl6025,01/03/2025 19:07,4228,2877,460,comida
Hoy aprendí que salud?,@tuadl8885,22/02/2025 15:26,7038,882,2246,salud
Hoy es un buen día para salud?,@prjhn8783,19/02/2025 20:24,8330,5679,2126,salud
Quiero compartir que educación?,@kuprc4851,25/02/2025 08:46,9770,1114,633,educación
Necesito ayuda con música? #TrendingTopic,@sovqs4330,03/03/2025 23:49,9144,705,2339,música
Descubrí que salud?,@flxnq4628,13/02/2025 13:28,3210,2103,874,salud
Odio cuando economía?,@ysutr4499,18/02/2025 13:37,6768,292,488,economía
Odio cuando música? #MustSee,@jvpjr7092,21/02/2025 14:15,9785,19,2593,música
Quiero compartir que viajes?,@wbcbv4103,17/02/2025 10:10,3450,447,520,viajes
Quiero compartir que economía? #TrendingTopic,@bygws940,03/03/2025 02:18,4978,2021,1934,economía
Estoy obsesionado con tecnología?,@jgsav4933,11/02/2025 20:57,7264,4945,1676,tecnología
Por fin terminé comida? #WOW,@gknhi1179,08/02/2025 02:14,8183,5496,769,comida
Hoy aprendí que cine? #TrendingTopic,@ntywl5940,08/03/2025 11:35,1527,169,557,cine
¿Qué opinan sobre moda? #Inspiracion,@txphj1059,13/02/2025 23:50,7664,773,3441,moda
Estoy obsesionado con viajes?,@txiss1574,04/03/2025 01:06,8663,4449,733,viajes
¿Recomendaciones sobre videojuegos?,@clyrr4521,17/02/2025 09:39,6047,1237,3009,videojuegos
¿Alguien más piensa que comida? #NoPuedesSer,@zqwrk7910,22/02/2025 19:54,6504,4393,1926,comida
Hoy es un buen día para cine? #Recomendado,@wicxb6791,09/03/2025 14:20,316,200,18,cine
Me encanta cuando salud?,@mecun6198,13/02/2025 15:07,1037,324,486,salud
Por fin terminé cine? #Viral,@vjhje7784,27/02/2025 16:25,5745,2905,1034,cine
No puedo creer que salud? #SiguemeYTeSigo,@ucquq399,06/03/2025 19:14,52,17,7,salud
¿Recomendaciones sobre comida? #MomentoÚnico,@xkpao4784,05/03/2025 16:38,2448,618,469,comida
¿Recomendaciones sobre arte?,@qothm7727,23/02/2025 13:16,7170,2845,773,arte
No puedo dejar de pensar en libros?,@kdkxv9028,20/02/2025 22:34,7502,2092,344,libros
¿Recomendaciones sobre salud? #Viral,@uvurc1322,23/02/2025 09:44,260,20,35,salud
Me encanta cuando ciencia? #Viral,@xeflt6787,11/02/2025 14:19,2991,1814,512,ciencia
Descubrí que política?,@tatwg4056,22/02/2025 18:44,9590,6145,1620,política
¿Recomendaciones sobre música? #MomentoÚnico,@trdyk4580,21/02/2025 21:29,5568,1359,1853,música
Quiero compartir que ciencia? #Viral,@vbbjh2973,06/03/2025 23:57,5056,1671,1715,ciencia
¿Recomendaciones sobre educación? #Increible,@yumki9152,17/02/2025 07:59,6969,1718,194,educación
Hoy es un buen día para moda?,@iwaoo9643,01/03/2025 09:48,7630,2244,2332,moda
¿Alguien más piensa que moda? #LoMejor,@pzxfx6399,16/02/2025 19:22,1892,860,70,moda
Acabo de ver comida? #Increible,@mrunp4002,19/02/2025 17:18,1178,793,431,comida
Quiero compartir que música? #NoPuedesSer,@ycfem5458,06/03/2025 12:17,3129,1860,1500,música
No puedo dejar de pensar en cine? #MomentoÚnico,@edolr5391,22/02/2025 12:21,1654,148,465,cine
No puedo dejar de pensar en ciencia? #NuevoProyecto,@nohxh6342,23/02/2025 23:02,4580,989,652,ciencia
Hoy aprendí que deportes?,@nmaja23,05/03/2025 18:11,7323,2070,1639,deportes
Hoy aprendí que cine? #MustSee,@ilqjz5876,18/02/2025 08:53,9341,3967,1303,cine
¿Qué opinan sobre libros?,@swtga3135,08/02/2025 11:16,7292,727,627,libros
Odio cuando cine? #TrendingTopic,@ujqrg9535,17/02/2025 15:42,8980,1718,1058,cine
Hoy aprendí que economía?,@iqlqb6370,14/02/2025 19:19,5562,1610,457,economía
Descubrí que arte?,@owyjt8930,02/03/2025 18:02,2540,554,797,arte
Odio cuando tecnología? #NuevoProyecto,@wwluy623,25/02/2025 12:46,8874,1207,2591,tecnología
Hoy aprendí que ciencia?,@fzqns1405,03/03/2025 21:54,2040,350,828,ciencia
Me encanta cuando arte?,@okgcd2432,06/03/2025 09:46,7095,1738,389,arte
Me encanta cuando moda?,@rppni4806,01/03/2025 23:57,3724,115,1170,moda
¿Qué opinan sobre música?,@qpxef6559,09/03/2025 14:02,7376,778,2730,música
No puedo creer que arte? #Inspiracion,@jqcat1702,07/02/2025 23:20,8837,3967,79,arte
¿Alguien más piensa que política? #MeEncanta,@zpkrz9841,23/02/2025 23:21,87,13,26,política
Acabo de ver educación?,@kbhct5124,09/03/2025 06:48,1676,1158,95,educación
Descubrí que arte?,@brtzh9315,13/02/2025 14:33,1777,101,819,arte
Hoy es un buen día para educación? #NuevoProyecto,@fhnre5874,16/02/2025 14:47,8875,4714,660,educación
Me encanta cuando educación?,@headn4899,11/02/2025 11:45,1544,357,706,educación
Por fin terminé libros?,@dcnps1095,14/02/2025 01:23,4363,2803,1176,libros
Necesito ayuda con videojuegos?,@upafd8392,23/02/2025 21:35,2620,1094,950,videojuegos
¿Alguien más piensa que comida?,@ppquy9901,15/02/2025 13:40,5391,2318,835,comida
¿Recomendaciones sobre salud? #Inspiracion,@nzmvm4199,03/03/2025 08:09,6989,2497,531,salud
Descubrí que comida?,@rkqid3047,03/03/2025 14:49,5548,2001,236,comida
Estoy obsesionado con viajes? #MeEncanta,@ggpha3254,26/02/2025 05:41,7811,3886,3260,viajes
Me encanta cuando libros? #HoyEsElDia,@smpas3266,11/02/2025 20:12,5698,3327,1647,libros
Hoy aprendí que comida? #Inspiracion,@gwgdl3472,08/02/2025 12:31,5353,215,2216,comida
Acabo de ver cine?,@ohcyw1196,21/02/2025 21:06,4737,1234,908,cine
Quiero compartir que libros?,@eyagl2275,13/02/2025 04:12,3684,810,383,libros
Acabo de ver educación? #NoPuedesSer,@igunp5410,20/02/2025 11:33,4098,1355,1630,educación
Hoy aprendí que música?,@odrpf4846,14/02/2025 23:57,6466,3045,502,música
Acabo de ver economía? #Recomendado,@qqksn7430,06/03/2025 15:55,3691,640,356,economía
No puedo creer que libros? #Interesante,@uqxoh2509,08/03/2025 11:16,1745,333,711,libros
¿Alguien más piensa que comida?,@zjniq9280,27/02/2025 00:51,3280,1186,832,comida
Quiero compartir que música? #TopTen,@wbory5072,09/02/2025 12:26,5042,1309,1711,música
¿Alguien más piensa que música? #WOW,@mkjjz4945,12/02/2025 21:02,4482,2131,429,música
Acabo de ver videojuegos?,@nqoxd9224,01/03/2025 04:45,1721,369,168,videojuegos
¿Alguien más piensa que libros? #Opiniones,@ikryl8361,05/03/2025 19:13,8290,5573,479,libros
Me encanta cuando comida? #LoMejor,@tnbsn1313,08/03/2025 08:38,1216,13,451,comida
No puedo dejar de pensar en comida?,@rangt9566,07/03/2025 17:34,8048,1175,1210,comida
Acabo de ver libros? #Increible,@zcbre9388,24/02/2025 09:37,963,546,279,libros
¿Alguien más piensa que ciencia?,@czyfj128,09/02/2025 03:31,8022,3076,1840,ciencia
¿Qué opinan sobre política?,@teasj6544,10/02/2025 16:24,7923,5485,1858,política
Por fin terminé cine? #Recomendado,@lrlku9838,08/03/2025 06:37,6649,4112,1707,cine
No puedo dejar de pensar en moda? #HoyEsElDia,@fgxzc1142,10/03/2025 05:15,8742,3229,334,moda
Quiero compartir que cine? #Recomendado,@sczml5450,28/02/2025 11:22,5229,1909,1802,cine
Acabo de ver libros?,@iziha3433,02/03/2025 09:05,2020,752,604,libros
Por fin terminé música? #Interesante,@ikufk1329,27/02/2025 10:26,5032,9,450,música
Por fin terminé arte? #HoyEsElDia,@tbcov4345,16/02/2025 18:37,5213,120,2143,arte
No puedo creer que videojuegos? #Opiniones,@zayxs6091,11/02/2025 03:26,140,63,45,videojuegos
Estoy obsesionado con moda?,@edoar9672,25/02/2025 10:06,4786,2695,1980,moda
Hoy aprendí que economía?,@znmrg6522,26/02/2025 12:01,8255,375,2533,economía
Quiero compartir que libros? #MustSee,@ntath8724,26/02/2025 16:39,9129,382,4251,libros
¿Qué opinan sobre cine?,@dvgum9255,22/02/2025 17:34,2761,362,1106,cine
Por fin terminé cine?,@knymj6858,25/02/2025 19:51,9482,6279,357,cine
Quiero compartir que videojuegos? #Increible,@oixoo2520,09/03/2025 05:19,5803,32,543,videojuegos
¿Qué opinan sobre ciencia?,@xslou236,16/02/2025 19:29,2207,189,198,ciencia
Descubrí que viajes? #MeEncanta,@ypguq4147,09/03/2025 05:10,1677,224,172,viajes
¿Recomendaciones sobre música?,@lfspj7926,07/03/2025 17:03,4294,2278,130,música
Odio cuando videojuegos? #Recomendado,@lxgbe2194,15/02/2025 11:18,1544,957,15,videojuegos
Quiero compartir que libros?,@xufbr8277,09/02/2025 02:56,4009,1915,826,libros
Me encanta cuando tecnología? #Opiniones,@ejzcr183,27/02/2025 19:00,761,124,271,tecnología
Me encanta cuando arte? #TopTen,@hsfod6583,02/03/2025 02:51,6914,3305,72,arte
No puedo creer que política? #MustSee,@btget5160,05/03/2025 11:06,1589,936,576,política
Descubrí que política?,@oryba8099,27/02/2025 20:47,6705,3057,2362,política
Hoy es un buen día para videojuegos?,@hregl8117,12/02/2025 10:49,5878,1257,1781,videojuegos
Por fin terminé libros? #MomentoÚnico,@tvgfk6399,09/03/2025 04:46,9843,5208,66,libros
No puedo dejar de pensar en música?,@zgqjd1562,28/02/2025 17:09,1722,11,465,música
Acabo de ver arte? #NuevoProyecto,@jezbc58,28/02/2025 02:21,689,149,127,arte
Odio cuando música?,@hcobt6860,23/02/2025 20:51,7469,4453,2944,música
Por fin terminé educación?,@mznwb5431,03/03/2025 05:54,5236,1796,2098,educación
Necesito ayuda con arte?,@zloih9436,08/03/2025 03:56,2589,245,384,arte
Hoy es un buen día para música?,@eyvtr4823,27/02/2025 22:43,6678,1350,2470,música
Odio cuando deportes?,@fmozf3901,12/02/2025 03:25,8807,2894,2392,deportes
Necesito ayuda con videojuegos?,@wnkqk8580,02/03/2025 17:24,4476,1775,76,videojuegos
¿Qué opinan sobre libros?,@rdmgq2943,28/02/2025 02:39,8944,4199,1073,libros
Descubrí que videojuegos?,@gzahe5594,19/02/2025 16:53,8177,5303,4069,videojuegos
Por fin terminé arte?,@sqnyr9708,12/02/2025 20:29,3827,1477,1554,arte
Por fin terminé salud? #WOW,@ibjfz7223,16/02/2025 18:00,8917,5877,4295,salud
Por fin terminé política? #TopTen,@mvklz122,03/03/2025 09:20,2390,1029,916,política
No puedo creer que videojuegos?,@ppmvz9629,19/02/2025 16:22,9819,5595,3148,videojuegos
Por fin terminé videojuegos? #HoyEsElDia,@ciprv4667,13/02/2025 13:52,4588,278,1101,videojuegos
Por fin terminé tecnología?,@auohw5854,05/03/2025 04:42,1650,269,66,tecnología
Hoy es un buen día para arte? #NoPuedesSer,@reaue3103,10/03/2025 01:39,6442,4279,150,arte
No puedo dejar de pensar en economía? #Interesante,@ckwbd7381,19/02/2025 14:34,2285,1079,309,economía
Necesito ayuda con tecnología? #Interesante,@qnvaz178,12/02/2025 10:44,8927,3870,2810,tecnología
Descubrí que arte?,@tkqtk7552,14/02/2025 02:52,3895,2226,910,arte
¿Qué opinan sobre salud? #MomentoÚnico,@fmezk8427,09/03/2025 14:05,6092,3067,370,salud
Descubrí que salud? #SiguemeYTeSigo,@hktuu6979,07/03/2025 15:17,1434,254,673,salud
¿Alguien más piensa que política?,@jcjkf6813,26/02/2025 10:34,8372,1154,107,política
No puedo creer que libros?,@tlepc1188,08/02/2025 05:58,1302,536,474,libros
Descubrí que deportes? #Recomendado,@yshgk9288,06/03/2025 04:14,822,83,60,deportes
Me encanta cuando cine? #Interesante,@fciza1573,04/03/2025 11:25,8459,1990,3770,cine
¿Recomendaciones sobre deportes?,@lwfkq7459,13/02/2025 15:41,3346,309,587,deportes
Me encanta cuando ciencia? #Viral,@pbppe1260,11/02/2025 22:59,5991,3805,273,ciencia
Acabo de ver deportes?,@nzzjw6300,27/02/2025 03:40,5197,3431,2494,deportes
Acabo de ver educación? #MustSee,@wtdlm4865,10/02/2025 01:33,7211,2358,2331,educación
No puedo dejar de pensar en política?,@ppnvm2257,18/02/2025 08:58,2514,1548,863,política
Quiero compartir que política? #MomentoÚnico,@eqbcv6688,10/02/2025 14:49,3802,532,1033,política
Odio cuando moda? #Interesante,@kfwof8429,10/02/2025 16:02,4365,2528,370,moda
No puedo creer que tecnología? #Recomendado,@fibih1337,09/03/2025 13:27,5276,3475,1127,tecnología
Necesito ayuda con ciencia?,@itgyy1584,08/03/2025 13:33,9727,5836,3201,ciencia
Estoy obsesionado con deportes? #WOW,@xkdua3086,14/02/2025 18:42,2223,941,444,deportes
Descubrí que tecnología?,@lvqnt8234,26/02/2025 02:15,1599,73,432,tecnología
Estoy obsesionado con ciencia?,@qyact9615,02/03/2025 15:01,9856,2743,4386,ciencia
Hoy aprendí que salud? #Opiniones,@vfaco3944,25/02/2025 19:52,6205,658,2134,salud
¿Alguien más piensa que política?,@dpnxo3292,28/02/2025 05:37,1716,817,7,política
No puedo creer que moda?,@sanzf37,12/02/2025 07:56,3075,1058,1101,moda
Hoy aprendí que ciencia? #TrendingTopic,@gdtoa4471,09/03/2025 03:13,4224,2126,1755,ciencia
Quiero compartir que salud? #TopTen,@vmwcq7052,04/03/2025 09:04,3862,323,818,salud
Descubrí que economía?,@qpwup4008,25/02/2025 09:31,6769,42,2774,economía
Me encanta cuando educación?,@pzuet1264,24/02/2025 20:30,6595,2554,2736,educación
Por fin terminé cine? #LoMejor,@qwbyx606,11/02/2025 02:46,829,224,180,cine
¿Recomendaciones sobre política? #Tendencia,@puxjv6349,16/02/2025 02:12,5483,2788,2628,política
No puedo dejar de pensar en comida?,@rtoru5902,21/02/2025 02:22,8841,308,391,comida
¿Alguien más piensa que salud? #TrendingTopic,@djhbr1318,10/03/2025 08:21,3580,657,881,salud
Acabo de ver ciencia? #SiguemeYTeSigo,@vrled989,08/03/2025 14:57,5443,164,1755,ciencia
Necesito ayuda con ciencia? #NuevoProyecto,@ozzoi1230,09/03/2025 04:22,6234,3637,1036,ciencia
Necesito ayuda con educación?,@eatdf5435,10/02/2025 18:02,8710,2882,357,educación
Odio cuando educación?,@tbycs2509,17/02/2025 09:24,5312,2824,1982,educación
Necesito ayuda con educación? #Inspiracion,@ygksg5743,12/02/2025 08:53,2726,1214,1082,educación
Hoy aprendí que tecnología? #Inspiracion,@fdpac4730,14/02/2025 07:33,3262,63,1483,tecnología
Hoy es un buen día para tecnología? #NuevoProyecto,@ykjba338,06/03/2025 21:23,1756,1037,171,tecnología
Hoy aprendí que música?,@tsrpw4410,07/03/2025 18:29,3658,397,1410,música
No puedo dejar de pensar en música?,@levpp2778,09/03/2025 10:23,7003,2011,2779,música
¿Alguien más piensa que salud?,@jlcze3055,08/02/2025 18:32,5046,1440,2085,salud
Necesito ayuda con política? #MustSee,@ffomo4683,16/02/2025 23:05,6589,4137,2201,política
Hoy es un buen día para educación? #Viral,@jqmhs9911,08/02/2025 13:50,4635,64,441,educación
Descubrí que libros? #MustSee,@uabrm1658,12/02/2025 16:48,2829,664,229,libros
Estoy obsesionado con arte?,@lxmgn5717,11/02/2025 14:56,8531,2425,3071,arte
Acabo de ver economía?,@hjgvl7452,22/02/2025 19:22,2206,1216,399,economía
Descubrí que comida?,@mtpmf2556,23/02/2025 06:27,6583,4590,843,comida
Hoy aprendí que viajes? #Viral,@mxpiw5751,28/02/2025 04:34,1529,693,470,viajes
¿Alguien más piensa que cine?,@hgucl6998,21/02/2025 10:35,3807,28,59,cine
¿Qué opinan sobre deportes?,@sdnjd6058,24/02/2025 13:27,5509,612,719,deportes
Acabo de ver política?,@pchpb5255,25/02/2025 01:42,2218,715,687,política
Por fin terminé comida? #Viral,@mekdc9342,24/02/2025 06:31,9941,573,1720,comida
Me encanta cuando economía? #Tendencia,@rivjq3239,15/02/2025 18:03,2622,882,1039,economía
Hoy aprendí que política? #LoMejor,@sbxir9237,22/02/2025 11:20,7842,4440,1707,política
No puedo dejar de pensar en educación?,@bymoy1704,08/02/2025 21:41,6827,2620,2655,educación
Por fin terminé viajes? #Increible,@bfouj9309,09/02/2025 07:59,9594,687,1879,viajes
¿Recomendaciones sobre tecnología? #TrendingTopic,@hohhm1264,10/03/2025 05:01,370,14,90,tecnología
Hoy es un buen día para deportes?,@sbcsv2016,28/02/2025 03:50,1421,492,324,deportes
Estoy obsesionado con videojuegos? #Tendencia,@eddzt6348,25/02/2025 12:17,6051,2303,397,videojuegos
Hoy es un buen día para educación? #MomentoÚnico,@miykb129,26/02/2025 13:14,146,67,33,educación
Hoy aprendí que educación?,@zuyei5863,17/02/2025 20:59,4729,2277,1438,educación
Estoy obsesionado con salud? #NuevoProyecto,@gvesu2978,03/03/2025 00:21,8123,4591,2788,salud
Me encanta cuando deportes?,@meblo2977,16/02/2025 17:42,9643,1545,2255,deportes
Necesito ayuda con política?,@gmxyp217,28/02/2025 09:56,7811,134,2194,política
Me encanta cuando videojuegos? #TrendingTopic,@wdefj2790,24/02/2025 19:05,6792,643,1320,videojuegos
Odio cuando viajes?,@fhozg6940,28/02/2025 15:43,3858,708,1467,viajes
¿Recomendaciones sobre salud? #WOW,@pglzk2988,23/02/2025 01:27,8861,3542,809,salud
Me encanta cuando música? #Increible,@uxtxk2177,27/02/2025 00:02,5792,1046,1268,música
Quiero compartir que economía?,@vaiqz1193,17/02/2025 22:56,6109,93,82,economía
Hoy aprendí que moda? #WOW,@ychke8799,07/03/2025 19:28,1185,22,336,moda
Hoy aprendí que comida?,@gxstn2122,01/03/2025 14:41,3682,1829,932,comida
Quiero compartir que videojuegos? #HoyEsElDia,@udjjh6165,28/02/2025 14:33,1316,42,538,videojuegos
Necesito ayuda con salud? #Increible,@xqblt6524,20/02/2025 21:36,2460,358,397,salud
Me encanta cuando educación? #Recomendado,@awcoc2728,03/03/2025 07:43,7825,1598,2954,educación
¿Qué opinan sobre libros?,@bhein2678,14/02/2025 03:53,6740,4148,1302,libros
¿Alguien más piensa que tecnología?,@irggs4820,18/02/2025 19:42,4018,682,179,tecnología
¿Alguien más piensa que educación?,@gzsvq7835,04/03/2025 21:33,6809,4421,780,educación
Odio cuando arte? #TrendingTopic,@kxijk961,03/03/2025 15:24,1833,1024,893,arte
¿Alguien más piensa que libros?,@gygam7720,09/03/2025 10:11,6141,4130,1767,libros
Descubrí que política? #NoPuedesSer,@syeva3379,07/03/2025 01:35,6684,1102,1447,política
Quiero compartir que música?,@goquq249,22/02/2025 04:17,3417,2027,99,música
Hoy aprendí que ciencia? #Tendencia,@gcfvw9078,18/02/2025 11:11,1222,657,595,ciencia
Por fin terminé música? #MustSee,@znkxb6483,10/02/2025 16:43,4761,2926,52,música
¿Qué opinan sobre música? #Inspiracion,@hckdv3834,23/02/2025 00:19,732,437,348,música
Me encanta cuando ciencia? #SiguemeYTeSigo,@fpopw5953,02/03/2025 18:48,6948,1519,3309,ciencia
Odio cuando ciencia? #TrendingTopic,@eotst3880,09/02/2025 07:26,6356,4167,1227,ciencia
¿Recomendaciones sobre libros?,@zwafo8978,14/02/2025 05:32,4940,332,2313,libros
Estoy obsesionado con comida?,@gkqmu7820,16/02/2025 18:47,7851,4247,1278,comida
Necesito ayuda con moda?,@yccsp2993,18/02/2025 22:24,8330,2303,3769,moda
Descubrí que arte? #NuevoProyecto,@ytkkt6089,10/02/2025 09:07,144,26,61,arte
Hoy aprendí que educación? #HoyEsElDia,@hdiqc2860,06/03/2025 18:13,9375,1636,704,educación
No puedo creer que arte? #TrendingTopic,@ppvrl7240,08/02/2025 00:40,9896,1915,1390,arte
No puedo creer que videojuegos?,@kxida6262,08/03/2025 18:57,4295,2245,1965,videojuegos
¿Recomendaciones sobre tecnología?,@ykmwa1775,06/03/2025 02:43,9359,5501,4541,tecnología
Descubrí que comida?,@nmhkm7083,26/02/2025 20:28,8344,1370,2101,comida
Necesito ayuda con arte?,@jgiwb9787,08/03/2025 10:05,2515,1644,826,arte
¿Qué opinan sobre economía?,@uxoyl6315,09/03/2025 15:44,1579,39,330,economía
Descubrí que videojuegos?,@alfay2550,07/02/2025 21:40,9518,4910,1989,videojuegos
Necesito ayuda con salud?,@rmmyh1585,03/03/2025 19:08,4428,2682,1925,salud
Odio cuando política? #LoMejor,@apjed1792,22/02/2025 09:39,5849,838,51,política
Hoy es un buen día para videojuegos?,@egbxm8853,25/02/2025 13:20,9902,799,4850,videojuegos
No puedo creer que viajes? #SiguemeYTeSigo,@adzyp2971,07/02/2025 12:10,9936,300,1119,viajes
¿Qué opinan sobre deportes?,@blchw8029,06/03/2025 12:55,2106,330,1047,deportes
Quiero compartir que viajes? #MomentoÚnico,@hxpxg378,21/02/2025 21:35,5931,3189,2590,viajes
Descubrí que economía?,@vpmav8345,28/02/2025 19:29,7912,2634,2301,economía
Quiero compartir que deportes? #TopTen,@kijug9603,03/03/2025 02:13,6997,3142,417,deportes
Por fin terminé deportes? #Opiniones,@imdmf3459,01/03/2025 13:59,154,60,53,deportes
No puedo creer que deportes? #Inspiracion,@tibzn203,19/02/2025 23:01,1561,123,10,deportes
Estoy obsesionado con ciencia? #Viral,@ctcys1542,26/02/2025 03:07,5551,2933,121,ciencia
Estoy obsesionado con economía? #TopTen,@tnskh7168,15/02/2025 11:09,1258,73,390,economía
Hoy aprendí que cine?,@unyuq4943,10/03/2025 07:27,7169,56,268,cine
¿Recomendaciones sobre comida? #Inspiracion,@xpjka5494,02/03/2025 10:24,4908,2774,466,comida
¿Alguien más piensa que libros?,@wpnfq5044,08/03/2025 00:06,2223,497,903,libros
¿Alguien más piensa que tecnología? #MustSee,@viznw4642,22/02/2025 21:16,5640,2642,1247,tecnología
Estoy obsesionado con cine? #MomentoÚnico,@uggzy1438,19/02/2025 14:50,2838,1450,449,cine
Odio cuando libros?,@nhniw7049,11/02/2025 10:35,1055,460,323,libros
Necesito ayuda con arte? #TopTen,@kowyq5429,09/02/2025 04:41,4425,435,2134,arte
Hoy aprendí que videojuegos? #MeEncanta,@njopf6388,01/03/2025 06:07,1380,16,288,videojuegos
Odio cuando comida? #HoyEsElDia,@lqixf9730,06/03/2025 09:06,9355,6469,4293,comida
Estoy obsesionado con deportes?,@hsdir711,18/02/2025 14:47,4066,881,2005,deportes
Hoy aprendí que deportes? #Inspiracion,@kkbks4960,25/02/2025 20:22,8819,4246,4359,deportes
Me encanta cuando deportes? #TopTen,@scanh6380,13/02/2025 13:07,9018,1040,1343,deportes
Hoy es un buen día para deportes? #Interesante,@einhy2879,07/03/2025 16:09,1626,259,504,deportes
Quiero compartir que ciencia? #NuevoProyecto,@riqmm2155,21/02/2025 19:49,4017,1200,455,ciencia
Hoy aprendí que ciencia?,@zjhuo2334,22/02/2025 00:45,3183,358,560,ciencia
Quiero compartir que comida?,@mtand2492,04/03/2025 09:54,3645,1027,8,comida
Estoy obsesionado con ciencia? #LoMejor,@padve4312,17/02/2025 14:58,1680,870,352,ciencia
No puedo creer que tecnología? #MomentoÚnico,@qyexc503,09/03/2025 21:52,5288,786,1745,tecnología
Me encanta cuando viajes?,@czjmd1307,25/02/2025 01:16,2614,647,599,viajes
Hoy aprendí que videojuegos?,@utxds9611,12/02/2025 07:37,7819,5437,1752,videojuegos
No puedo dejar de pensar en videojuegos? #Opiniones,@mjtzj6671,16/02/2025 11:24,5625,1793,2507,videojuegos
¿Qué opinan sobre educación?,@uehit7327,24/02/2025 07:45,4291,1160,1193,educación
No puedo dejar de pensar en cine? #Recomendado,@rxuap6876,10/02/2025 03:28,3041,1860,1094,cine
Descubrí que educación?,@rctxd3661,14/02/2025 17:29,2910,808,1105,educación
Me encanta cuando arte? #Interesante,@sbsmy9120,25/02/2025 05:11,1155,102,510,arte
Por fin terminé educación?,@zahtr4479,17/02/2025 00:22,8474,5378,3768,educación
Me encanta cuando viajes?,@ohqqk2940,09/03/2025 22:31,1719,175,578,viajes
¿Alguien más piensa que libros? #MeEncanta,@cwyxm329,12/02/2025 04:50,7376,4936,3380,libros
Estoy obsesionado con economía? #LoMejor,@cpfum9220,07/03/2025 04:49,6726,4546,2950,economía
Odio cuando educación?,@rvrjx5978,28/02/2025 19:16,9404,3387,2141,educación
Descubrí que videojuegos?,@gwnzw61,12/02/2025 13:08,5091,487,2210,videojuegos
Por fin terminé libros? #TrendingTopic,@nhduc6041,20/02/2025 23:20,7215,584,1171,libros
Me encanta cuando moda? #HoyEsElDia,@dynbu660,15/02/2025 18:27,4829,1935,1501,moda
Odio cuando arte? #TopTen,@fkdti7386,21/02/2025 04:48,7728,4316,2358,arte
¿Alguien más piensa que moda?,@mchtg801,07/02/2025 21:10,8180,5379,2874,moda
No puedo dejar de pensar en tecnología? #WOW,@jbrjs514,26/02/2025 01:07,9548,4636,1820,tecnología
No puedo creer que educación? #Viral,@mhvrx4928,01/03/2025 14:59,658,231,312,educación
Me encanta cuando cine? #TrendingTopic,@icqqz627,08/03/2025 19:47,6568,4345,1278,cine
¿Recomendaciones sobre ciencia? #Opiniones,@oytgi4392,26/02/2025 18:34,7949,486,1820,ciencia
¿Qué opinan sobre salud?,@fnnab279,15/02/2025 13:10,9631,1186,1325,salud
Estoy obsesionado con educación? #Interesante,@hnqjp7031,18/02/2025 15:20,4085,427,481,educación
¿Alguien más piensa que economía? #TrendingTopic,@xracn4728,12/02/2025 11:06,2446,139,452,economía
Odio cuando moda? #TrendingTopic,@xxcss1143,07/03/2025 18:11,3064,1966,1275,moda
Hoy es un buen día para música?,@bifyk2307,03/03/2025 15:26,1139,111,141,música
Me encanta cuando videojuegos? #Opiniones,@jrsvb2026,19/02/2025 22:03,6406,299,3076,videojuegos
Por fin terminé salud?,@bykfb3175,23/02/2025 05:38,9176,20,4027,salud
Necesito ayuda con deportes? #WOW,@sbuwd2104,14/02/2025 07:57,6656,3301,1475,deportes
Descubrí que viajes?,@iotft893,18/02/2025 09:46,767,224,20,viajes
No puedo creer que viajes? #Opiniones,@oreha3636,16/02/2025 00:36,5617,938,1705,viajes
¿Recomendaciones sobre arte? #SiguemeYTeSigo,@rlclc3157,08/02/2025 00:08,6704,4084,1592,arte
Descubrí que música? #MustSee,@obiml150,18/02/2025 17:51,9300,2505,2311,música
¿Qué opinan sobre arte? #TopTen,@ttwrc5247,10/02/2025 07:20,3773,277,1655,arte
Me encanta cuando comida? #MustSee,@dvwwk7008,14/02/2025 02:35,9052,2166,2597,comida
¿Recomendaciones sobre videojuegos?,@wyjgo7444,24/02/2025 07:17,7532,888,2880,videojuegos
Hoy aprendí que moda? #Increible,@cbahl5790,12/02/2025 17:40,9478,3758,1060,moda
¿Qué opinan sobre deportes? #TrendingTopic,@xqwbq7722,16/02/2025 03:45,5416,39,32,deportes
Hoy aprendí que ciencia? #Viral,@vgtgd8607,09/03/2025 07:45,199,80,97,ciencia
No puedo creer que libros?,@ggwhz4246,27/02/2025 21:12,1104,552,21,libros
Acabo de ver economía?,@heqlp2642,24/02/2025 01:56,3359,1367,902,economía
¿Recomendaciones sobre cine?,@jtrwu6717,07/03/2025 19:56,7973,902,2494,cine
¿Qué opinan sobre música? #LoMejor,@osjdv5874,26/02/2025 03:50,7850,4812,1142,música
Por fin terminé tecnología? #SiguemeYTeSigo,@fbivj4835,08/03/2025 13:59,4011,144,1915,tecnología
Hoy es un buen día para viajes?,@pqzvv1570,27/02/2025 15:11,623,290,5,viajes
Quiero compartir que economía? #MustSee,@uwlbr7562,23/02/2025 23:23,8492,5703,558,economía
Necesito ayuda con economía?,@rhlen4985,24/02/2025 01:41,4535,2887,1292,economía
No puedo dejar de pensar en política? #Recomendado,@tfsis2470,26/02/2025 00:41,1320,815,193,política
Hoy aprendí que ciencia? #SiguemeYTeSigo,@azckv590,08/03/2025 04:01,5076,2962,1469,ciencia
¿Alguien más piensa que moda? #Opiniones,@ffrbh7668,08/02/2025 14:50,8809,4845,3926,moda
Acabo de ver viajes? #Interesante,@blcrx5061,04/03/2025 13:22,9305,4562,3496,viajes
Estoy obsesionado con cine?,@mcaln9693,18/02/2025 16:05,7841,3383,218,cine
No puedo dejar de pensar en economía?,@qgmsj3203,24/02/2025 16:49,300,73,15,economía
No puedo dejar de pensar en libros? #Inspiracion,@vgknl1328,03/03/2025 10:51,5184,280,2013,libros
No puedo dejar de pensar en deportes?,@hlqqq6697,25/02/2025 06:29,7378,3707,3144,deportes
Me encanta cuando videojuegos?,@qnjcl9690,20/02/2025 15:40,7927,439,1819,videojuegos
Hoy es un buen día para moda? #SiguemeYTeSigo,@cottc1219,21/02/2025 22:00,4699,2214,1742,moda
¿Qué opinan sobre música? #WOW,@hmenk4965,16/02/2025 10:26,8088,3439,1844,música
¿Alguien más piensa que tecnología?,@zmnie6612,15/02/2025 03:08,863,358,11,tecnología
Estoy obsesionado con ciencia? #Tendencia,@ytsqc1322,20/02/2025 17:41,2206,1187,18,ciencia
Acabo de ver arte?,@qaany4154,22/02/2025 01:53,4713,1904,33,arte
Hoy aprendí que videojuegos? #MomentoÚnico,@jbffr4876,10/02/2025 21:48,4759,2610,1729,videojuegos
Descubrí que videojuegos? #TrendingTopic,@ehbtd983,20/02/2025 04:29,9308,3844,4487,videojuegos
Quiero compartir que comida? #HoyEsElDia,@jqstg3493,06/03/2025 03:28,506,302,176,comida
Odio cuando comida?,@ogptw2205,19/02/2025 16:04,4014,1530,562,comida
Odio cuando videojuegos? #MustSee,@mbvac3294,01/03/2025 11:53,36,13,3,videojuegos
¿Recomendaciones sobre moda?,@ovvjx5114,23/02/2025 01:52,197,13,11,moda
Hoy aprendí que deportes?,@zqgbz8204,24/02/2025 01:29,6854,3416,1213,deportes
Hoy es un buen día para moda? #Interesante,@ojwrj4014,07/03/2025 19:26,668,272,307,moda
¿Qué opinan sobre viajes? #Inspiracion,@wurdi7302,04/03/2025 18:59,4089,715,108,viajes
Por fin terminé ciencia? #HoyEsElDia,@rcnge7832,08/02/2025 02:17,7947,5089,1808,ciencia
¿Recomendaciones sobre economía?,@kstbc3609,02/03/2025 09:24,9921,641,997,economía
No puedo dejar de pensar en libros?,@iyfqa9506,03/03/2025 15:04,6760,4453,1143,libros
Odio cuando política?,@ubazc6007,15/02/2025 07:06,8020,44,674,política
No puedo dejar de pensar en moda? #Opiniones,@zjfpd8273,22/02/2025 00:55,2065,775,823,moda
No puedo dejar de pensar en salud? #HoyEsElDia,@bksdr2728,16/02/2025 18:28,7632,4811,3680,salud
Necesito ayuda con videojuegos?,@hzpng1163,10/02/2025 06:34,1006,267,213,videojuegos
¿Alguien más piensa que comida?,@kdhbn888,25/02/2025 19:33,3360,600,110,comida
Quiero compartir que libros? #MeEncanta,@ifbyy9687,20/02/2025 19:47,9958,2982,4570,libros
Me encanta cuando viajes?,@lbauq7431,05/03/2025 13:19,1923,580,323,viajes
Estoy obsesionado con música?,@otkzf121,23/02/2025 20:59,969,487,326,música
Por fin terminé comida? #SiguemeYTeSigo,@ddzhm9230,19/02/2025 05:40,361,221,140,comida
Descubrí que educación?,@kksij1827,15/02/2025 18:34,668,315,314,educación
Por fin terminé política?,@vjjqo2201,06/03/2025 12:35,5448,3515,1714,política
¿Qué opinan sobre economía? #Recomendado,@yriik9341,14/02/2025 20:58,6340,1613,231,economía
Acabo de ver ciencia? #LoMejor,@fmmgj2430,20/02/2025 08:36,6657,3186,2517,ciencia
Hoy aprendí que viajes?,@iyrbd7275,03/03/2025 22:06,8219,2603,2225,viajes
Me encanta cuando comida? #Recomendado,@pjyml2112,26/02/2025 01:30,8303,2969,290,comida
Descubrí que música? #MomentoÚnico,@dnajh4490,19/02/2025 08:08,6236,541,1505,música
Acabo de ver comida?,@ohexn2014,19/02/2025 03:37,514,328,46,comida
Quiero compartir que comida?,@jllot1493,18/02/2025 06:22,1796,365,748,comida
No puedo dejar de pensar en economía?,@qvpup3656,28/02/2025 15:01,1073,382,155,economía
No puedo creer que videojuegos?,@zftfn2516,09/03/2025 00:07,8624,5498,2006,videojuegos
¿Qué opinan sobre salud?,@acndn5978,13/02/2025 04:18,3048,1216,408,salud
Hoy aprendí que música?,@nfxkj4325,09/03/2025 18:11,4300,949,1446,música
Hoy aprendí que música?,@grlbs1555,19/02/2025 06:27,529,79,259,música
No puedo creer que salud?,@owlsy592,21/02/2025 04:51,5684,533,1461,salud
¿Alguien más piensa que tecnología? #TrendingTopic,@mmkau7992,13/02/2025 00:03,5980,358,1535,tecnología
No puedo dejar de pensar en salud?,@qdnvh4993,20/02/2025 21:09,2443,22,723,salud
Descubrí que música?,@wglgb9765,03/03/2025 01:47,7365,3603,1153,música
Me encanta cuando viajes?,@jdrof2135,19/02/2025 10:18,5714,773,2558,viajes
¿Qué opinan sobre música?,@xylxv7686,28/02/2025 11:41,4575,3048,926,música
Quiero compartir que cine? #Interesante,@nzekf6448,15/02/2025 05:35,4056,1855,1875,cine
Descubrí que arte?,@geqon1855,10/02/2025 14:31,4422,3026,575,arte
Odio cuando deportes? #MustSee,@xnnin3086,26/02/2025 03:37,7677,883,2140,deportes
Odio cuando viajes?,@zqmgi3847,05/03/2025 18:06,6070,3665,1571,viajes
Odio cuando libros?,@qsjqe5408,06/03/2025 22:06,9286,472,3510,libros
Odio cuando moda? #HoyEsElDia,@vuwbn1848,15/02/2025 05:35,9251,5982,4476,moda
